1,1,1,0,1,30,1,0.009511432610452175,0.009511432610452175,26.40152359008789,0.07152430713176727,3287,125.11670470237732,5_I_exp8,5_I.v1.l1.ds1.l_combo0.ds_combo1.idays30.odays1,100
1,1,1,0,1,30,7,0.01676645316183567,0.01676645316183567,72308.8203125,0.0955561026930809,3281,129.95318913459778,5_I_exp8,5_I.v1.l1.ds1.l_combo0.ds_combo1.idays30.odays7,100
1,1,1,0,1,60,1,0.020104140043258667,0.020104140043258667,34.06376647949219,0.1099402904510498,3257,127.68749856948853,5_I_exp8,5_I.v1.l1.ds1.l_combo0.ds_combo1.idays60.odays1,100
1,1,1,0,1,60,7,0.016707107424736023,0.016707107424736023,31.901601791381836,0.09553730487823486,3251,131.53486824035645,5_I_exp8,5_I.v1.l1.ds1.l_combo0.ds_combo1.idays60.odays7,100
1,1,1,0,3,30,1,0.014185847714543343,0.014185847714543343,37.8693733215332,0.09442007541656494,3287,125.25519347190857,5_I_exp8,5_I.v1.l1.ds1.l_combo0.ds_combo3.idays30.odays1,100
1,1,1,0,3,30,7,0.01731415092945099,0.01731415092945099,208795.671875,0.10143493860960007,3281,109.26604294776917,5_I_exp8,5_I.v1.l1.ds1.l_combo0.ds_combo3.idays30.odays7,85
1,1,1,0,3,60,1,0.01651127077639103,0.01651127077639103,552395.5625,0.09967096894979477,3257,56.06769514083862,5_I_exp8,5_I.v1.l1.ds1.l_combo0.ds_combo3.idays60.odays1,44
1,1,1,0,3,60,7,0.017422277480363846,0.017422275617718697,247379.1875,0.10192825645208359,3251,76.03382277488708,5_I_exp8,5_I.v1.l1.ds1.l_combo0.ds_combo3.idays60.odays7,57
1,1,1,0,4,30,1,0.03093978948891163,0.03093978948891163,988415.25,0.13411274552345276,3287,123.83049249649048,5_I_exp8,5_I.v1.l1.ds1.l_combo0.ds_combo4.idays30.odays1,100
1,1,1,0,4,30,7,0.03571222350001335,0.03571222350001335,702383.875,0.1448521912097931,3281,82.6597728729248,5_I_exp8,5_I.v1.l1.ds1.l_combo0.ds_combo4.idays30.odays7,64
1,1,1,0,4,60,1,0.041658274829387665,0.041658274829387665,678888.0,0.1617547869682312,3257,64.26967096328735,5_I_exp8,5_I.v1.l1.ds1.l_combo0.ds_combo4.idays60.odays1,50
1,1,1,0,4,60,7,0.30804958939552307,0.3080495297908783,99.86853790283203,0.5133148431777954,3251,14.761330842971802,5_I_exp8,5_I.v1.l1.ds1.l_combo0.ds_combo4.idays60.odays7,11
1,1,1,1,1,30,1,0.008481736294925213,0.008481736294925213,22.7794246673584,0.0669725313782692,3337,128.22115778923035,5_I_exp8,5_I.v1.l1.ds1.l_combo1.ds_combo1.idays30.odays1,100
1,1,1,1,1,30,7,0.016863130033016205,0.016863130033016205,54501.66015625,0.095374196767807,3331,132.17385411262512,5_I_exp8,5_I.v1.l1.ds1.l_combo1.ds_combo1.idays30.odays7,100
1,1,1,1,1,60,1,0.009352709166705608,0.009352709166705608,22.688411712646484,0.0687224417924881,3307,128.72393774986267,5_I_exp8,5_I.v1.l1.ds1.l_combo1.ds_combo1.idays60.odays1,100
1,1,1,1,1,60,7,0.016880307346582413,0.016880305483937263,214920.65625,0.09590804576873779,3301,132.9642298221588,5_I_exp8,5_I.v1.l1.ds1.l_combo1.ds_combo1.idays60.odays7,100
1,1,1,1,3,30,1,0.014661014080047607,0.014661014080047607,47.97480010986328,0.0942058339715004,2706,88.15251588821411,5_I_exp8,5_I.v1.l1.ds1.l_combo1.ds_combo3.idays30.odays1,85
1,1,1,1,3,30,7,0.017964640632271767,0.017964642494916916,145103.1875,0.1057928130030632,2700,106.08795690536499,5_I_exp8,5_I.v1.l1.ds1.l_combo1.ds_combo3.idays30.odays7,100
1,1,1,1,3,60,1,0.016568690538406372,0.016568690538406372,55.64096450805664,0.10055041313171387,2676,105.65276861190796,5_I_exp8,5_I.v1.l1.ds1.l_combo1.ds_combo3.idays60.odays1,100
1,1,1,1,3,60,7,0.02028241939842701,0.02028241939842701,179054.84375,0.11047030985355377,2670,65.91705083847046,5_I_exp8,5_I.v1.l1.ds1.l_combo1.ds_combo3.idays60.odays7,60
1,1,1,1,4,30,1,0.03301721438765526,0.03301721438765526,882752.375,0.14328312873840332,3337,126.22956085205078,5_I_exp8,5_I.v1.l1.ds1.l_combo1.ds_combo4.idays30.odays1,100
1,1,1,1,4,30,7,0.03151001036167145,0.031510014086961746,127008.0390625,0.14117981493473053,3331,129.04288268089294,5_I_exp8,5_I.v1.l1.ds1.l_combo1.ds_combo4.idays30.odays7,100
1,1,1,1,4,60,1,0.03542061522603035,0.03542061522603035,53.18223571777344,0.14951519668102264,3307,129.47802782058716,5_I_exp8,5_I.v1.l1.ds1.l_combo1.ds_combo4.idays60.odays1,100
1,1,1,1,4,60,7,0.03426693379878998,0.03426693379878998,250579.75,0.14594337344169617,3301,131.7199535369873,5_I_exp8,5_I.v1.l1.ds1.l_combo1.ds_combo4.idays60.odays7,100
1,1,1,2,1,30,1,0.009578527882695198,0.009578527882695198,285738.5,0.0702800378203392,3272,123.65794157981873,5_I_exp8,5_I.v1.l1.ds1.l_combo2.ds_combo1.idays30.odays1,100
1,1,1,2,1,30,7,0.016364755108952522,0.016364755108952522,80282.265625,0.09435661137104034,3266,128.37816333770752,5_I_exp8,5_I.v1.l1.ds1.l_combo2.ds_combo1.idays30.odays7,99
1,1,1,2,1,60,1,0.009530915878713131,0.009530915878713131,22.151594161987305,0.07079807668924332,3242,126.35544800758362,5_I_exp8,5_I.v1.l1.ds1.l_combo2.ds_combo1.idays60.odays1,100
1,1,1,2,1,60,7,0.015607009641826153,0.015607011504471302,131511.921875,0.0926155373454094,3236,129.4208984375,5_I_exp8,5_I.v1.l1.ds1.l_combo2.ds_combo1.idays60.odays7,100
1,1,1,2,3,30,1,0.015011679381132126,0.015011679381132126,57.517024993896484,0.09409140050411224,3272,86.32224488258362,5_I_exp8,5_I.v1.l1.ds1.l_combo2.ds_combo3.idays30.odays1,69
1,1,1,2,3,30,7,0.014431552030146122,0.014431552961468697,167209.765625,0.09212415665388107,3266,128.26006984710693,5_I_exp8,5_I.v1.l1.ds1.l_combo2.ds_combo3.idays30.odays7,100
1,1,1,2,3,60,1,0.013322344981133938,0.013322344981133938,218222.421875,0.0882401391863823,3242,108.03415870666504,5_I_exp8,5_I.v1.l1.ds1.l_combo2.ds_combo3.idays60.odays1,86
1,1,1,2,3,60,7,0.01441544946283102,0.014415450394153595,60842.046875,0.09252748638391495,3236,130.31892919540405,5_I_exp8,5_I.v1.l1.ds1.l_combo2.ds_combo3.idays60.odays7,100
1,1,1,2,4,30,1,0.02911433018743992,0.02911433018743992,68.60651397705078,0.13409997522830963,3272,24.318912982940674,5_I_exp8,5_I.v1.l1.ds1.l_combo2.ds_combo4.idays30.odays1,19
1,1,1,2,4,30,7,0.02597351185977459,0.025973515585064888,166172.609375,0.12723851203918457,3266,129.23604202270508,5_I_exp8,5_I.v1.l1.ds1.l_combo2.ds_combo4.idays30.odays7,100
1,1,1,2,4,60,1,0.025172099471092224,0.025172099471092224,35.25894546508789,0.12548145651817322,3242,73.68089866638184,5_I_exp8,5_I.v1.l1.ds1.l_combo2.ds_combo4.idays60.odays1,58
1,1,1,2,4,60,7,0.3372567296028137,0.33725669980049133,99.9559097290039,0.546306848526001,3236,15.01608419418335,5_I_exp8,5_I.v1.l1.ds1.l_combo2.ds_combo4.idays60.odays7,11
1,1,1,3,1,30,1,0.008813317865133286,0.008813317865133286,22.90090560913086,0.06777884811162949,3389,128.47683262825012,5_I_exp8,5_I.v1.l1.ds1.l_combo3.ds_combo1.idays30.odays1,100
1,1,1,3,1,30,7,0.01486241351813078,0.014862414449453354,17035.03515625,0.08994481712579727,3383,133.80682802200317,5_I_exp8,5_I.v1.l1.ds1.l_combo3.ds_combo1.idays30.odays7,100
1,1,1,3,1,60,1,0.007835064083337784,0.007835064083337784,200251.078125,0.06460200995206833,3359,133.27661108970642,5_I_exp8,5_I.v1.l1.ds1.l_combo3.ds_combo1.idays60.odays1,100
1,1,1,3,1,60,7,0.014997760765254498,0.014997759833931923,83469.5,0.09032303839921951,3353,133.9397428035736,5_I_exp8,5_I.v1.l1.ds1.l_combo3.ds_combo1.idays60.odays7,100
1,1,1,3,3,30,1,0.015326058492064476,0.015326058492064476,291654.8125,0.09081389009952545,3389,112.70630526542664,5_I_exp8,5_I.v1.l1.ds1.l_combo3.ds_combo3.idays30.odays1,87
1,1,1,3,3,30,7,0.015243174508213997,0.015243173576891422,235247.03125,0.09321028739213943,3383,135.71201157569885,5_I_exp8,5_I.v1.l1.ds1.l_combo3.ds_combo3.idays30.odays7,100
1,1,1,3,3,60,1,0.012795627117156982,0.012795627117156982,241252.59375,0.0828223004937172,3359,130.233496427536,5_I_exp8,5_I.v1.l1.ds1.l_combo3.ds_combo3.idays60.odays1,100
1,1,1,3,3,60,7,0.014563127420842648,0.014563129283487797,246927.640625,0.09040677547454834,3353,135.1806890964508,5_I_exp8,5_I.v1.l1.ds1.l_combo3.ds_combo3.idays60.odays7,100
1,1,1,3,4,30,1,0.3266012668609619,0.3266012668609619,100.0,0.5393694639205933,3389,14.712258338928223,5_I_exp8,5_I.v1.l1.ds1.l_combo3.ds_combo4.idays30.odays1,11
1,1,1,3,4,30,7,0.027480019256472588,0.027480021119117737,41.99576187133789,0.1314535290002823,3383,133.66420936584473,5_I_exp8,5_I.v1.l1.ds1.l_combo3.ds_combo4.idays30.odays7,100
1,1,1,3,4,60,1,0.3291405141353607,0.3291405141353607,100.0,0.5417803525924683,3359,14.689489841461182,5_I_exp8,5_I.v1.l1.ds1.l_combo3.ds_combo4.idays60.odays1,11
1,1,1,3,4,60,7,0.029052332043647766,0.029052332043647766,104106.8125,0.1354225128889084,3353,87.34764981269836,5_I_exp8,5_I.v1.l1.ds1.l_combo3.ds_combo4.idays60.odays7,64
1,1,1,4,1,30,1,0.022380338981747627,0.022380338981747627,226739.90625,0.11642932146787643,3378,126.40134763717651,5_I_exp8,5_I.v1.l1.ds1.l_combo4.ds_combo1.idays30.odays1,100
1,1,1,4,1,30,7,0.01475847139954567,0.014758470468223095,198442.0625,0.08982726186513901,3372,90.40111899375916,5_I_exp8,5_I.v1.l1.ds1.l_combo4.ds_combo1.idays30.odays7,68
1,1,1,4,1,60,1,0.008444271050393581,0.008444271050393581,139582.765625,0.06709170341491699,3348,132.78527784347534,5_I_exp8,5_I.v1.l1.ds1.l_combo4.ds_combo1.idays60.odays1,100
1,1,1,4,1,60,7,0.014753126539289951,0.014753127470612526,55455.1484375,0.08931557834148407,3342,116.88431596755981,5_I_exp8,5_I.v1.l1.ds1.l_combo4.ds_combo1.idays60.odays7,87
1,1,1,4,3,30,1,0.01534851361066103,0.01534851361066103,1421478.0,0.09275564551353455,3378,121.37032198905945,5_I_exp8,5_I.v1.l1.ds1.l_combo4.ds_combo3.idays30.odays1,95
1,1,1,4,3,30,7,0.016424885019659996,0.016424886882305145,3210807.75,0.09816326946020126,3372,133.720805644989,5_I_exp8,5_I.v1.l1.ds1.l_combo4.ds_combo3.idays30.odays7,100
1,1,1,4,3,60,1,0.014155088923871517,0.014155088923871517,1776779.125,0.09088490158319473,3348,108.01137232780457,5_I_exp8,5_I.v1.l1.ds1.l_combo4.ds_combo3.idays60.odays1,83
1,1,1,4,3,60,7,0.01605376973748207,0.01605376787483692,2321206.25,0.09487103670835495,3342,134.4525682926178,5_I_exp8,5_I.v1.l1.ds1.l_combo4.ds_combo3.idays60.odays7,100
1,1,1,4,4,30,1,0.03219325467944145,0.03219325467944145,806780.3125,0.1416209489107132,3378,98.95013737678528,5_I_exp8,5_I.v1.l1.ds1.l_combo4.ds_combo4.idays30.odays1,77
1,1,1,4,4,30,7,0.03809012845158577,0.03809012845158577,712238.75,0.15603460371494293,3372,52.62717914581299,5_I_exp8,5_I.v1.l1.ds1.l_combo4.ds_combo4.idays30.odays7,40
1,1,1,4,4,60,1,0.03859186917543411,0.03859186917543411,844626.125,0.1581328809261322,3348,31.62583088874817,5_I_exp8,5_I.v1.l1.ds1.l_combo4.ds_combo4.idays60.odays1,24
1,1,1,4,4,60,7,0.039537109434604645,0.03953711315989494,345453.78125,0.15977193415164948,3342,71.18681311607361,5_I_exp8,5_I.v1.l1.ds1.l_combo4.ds_combo4.idays60.odays7,52
1,1,1,5,1,30,1,0.009281393140554428,0.009281393140554428,20.527057647705078,0.06819425523281097,3390,129.833411693573,5_I_exp8,5_I.v1.l1.ds1.l_combo5.ds_combo1.idays30.odays1,100
1,1,1,5,1,30,7,0.015424072742462158,0.015424073673784733,38268.21484375,0.09213939309120178,3384,115.79611706733704,5_I_exp8,5_I.v1.l1.ds1.l_combo5.ds_combo1.idays30.odays7,86
1,1,1,5,1,60,1,0.008145084604620934,0.008145084604620934,365149.5,0.06730706244707108,3360,132.32878494262695,5_I_exp8,5_I.v1.l1.ds1.l_combo5.ds_combo1.idays60.odays1,100
1,1,1,5,1,60,7,0.015814313665032387,0.015814313665032387,59196.1484375,0.09114506840705872,3354,134.28148245811462,5_I_exp8,5_I.v1.l1.ds1.l_combo5.ds_combo1.idays60.odays7,100
1,1,1,5,3,30,1,0.013511297293007374,0.013511297293007374,384614.5,0.08921385556459427,3390,85.8524751663208,5_I_exp8,5_I.v1.l1.ds1.l_combo5.ds_combo3.idays30.odays1,66
1,1,1,5,3,30,7,0.013806072995066643,0.013806072995066643,199322.09375,0.0906558632850647,3384,135.90438795089722,5_I_exp8,5_I.v1.l1.ds1.l_combo5.ds_combo3.idays30.odays7,100
1,1,1,5,3,60,1,0.014155670069158077,0.014155670069158077,1204044.625,0.09252982586622238,3360,112.04130911827087,5_I_exp8,5_I.v1.l1.ds1.l_combo5.ds_combo3.idays60.odays1,86
1,1,1,5,3,60,7,0.015773985534906387,0.015773987397551537,452063.5625,0.09759297221899033,3354,105.01353740692139,5_I_exp8,5_I.v1.l1.ds1.l_combo5.ds_combo3.idays60.odays7,78
1,1,1,5,4,30,1,0.05899420753121376,0.05899420753121376,1587595.75,0.19771188497543335,3390,70.70882225036621,5_I_exp8,5_I.v1.l1.ds1.l_combo5.ds_combo4.idays30.odays1,54
1,1,1,5,4,30,7,0.3529902696609497,0.3529903292655945,99.81036376953125,0.5412241220474243,3384,14.870720863342285,5_I_exp8,5_I.v1.l1.ds1.l_combo5.ds_combo4.idays30.odays7,11
1,1,1,5,4,60,1,0.3426832854747772,0.3426832854747772,99.55357360839844,0.5311794281005859,3360,14.661909818649292,5_I_exp8,5_I.v1.l1.ds1.l_combo5.ds_combo4.idays60.odays1,11
1,1,1,5,4,60,7,0.05699937790632248,0.05699937418103218,739317.875,0.19662663340568542,3354,103.48415398597717,5_I_exp8,5_I.v1.l1.ds1.l_combo5.ds_combo4.idays60.odays7,76
1,1,1,6,1,30,1,0.007827458903193474,0.007827458903193474,19.640926361083984,0.06267791986465454,3392,129.9775607585907,5_I_exp8,5_I.v1.l1.ds1.l_combo6.ds_combo1.idays30.odays1,100
1,1,1,6,1,30,7,0.013584068045020103,0.013584068045020103,230851.34375,0.08534155040979385,3386,134.09111905097961,5_I_exp8,5_I.v1.l1.ds1.l_combo6.ds_combo1.idays30.odays7,100
1,1,1,6,1,60,1,0.007543865125626326,0.007543865125626326,19.56407356262207,0.061683766543865204,3362,132.15700960159302,5_I_exp8,5_I.v1.l1.ds1.l_combo6.ds_combo1.idays60.odays1,100
1,1,1,6,1,60,7,0.014939246699213982,0.01493924856185913,95239.2890625,0.0873938724398613,3356,133.76716375350952,5_I_exp8,5_I.v1.l1.ds1.l_combo6.ds_combo1.idays60.odays7,100
1,1,1,7,1,30,1,0.007688343059271574,0.007688343059271574,22.523494720458984,0.06401825696229935,2629,101.2901964187622,5_I_exp8,5_I.v1.l1.ds1.l_combo7.ds_combo1.idays30.odays1,100
1,1,1,7,1,30,7,0.017323805019259453,0.017323806881904602,183659.390625,0.09526775032281876,2623,103.97317290306091,5_I_exp8,5_I.v1.l1.ds1.l_combo7.ds_combo1.idays30.odays7,100
1,1,1,7,1,60,1,0.011817784048616886,0.011817784048616886,29.493085861206055,0.08024059236049652,2599,101.5337221622467,5_I_exp8,5_I.v1.l1.ds1.l_combo7.ds_combo1.idays60.odays1,100
1,1,1,7,1,60,7,0.01604136824607849,0.01604137010872364,127976.0703125,0.09268953651189804,2593,101.17987990379333,5_I_exp8,5_I.v1.l1.ds1.l_combo7.ds_combo1.idays60.odays7,96
1,1,1,7,3,30,1,0.013450453989207745,0.013450453989207745,49.05071258544922,0.0826578363776207,2629,94.2965440750122,5_I_exp8,5_I.v1.l1.ds1.l_combo7.ds_combo3.idays30.odays1,93
1,1,1,7,3,30,7,0.014491934329271317,0.014491934329271317,14597.423828125,0.08813663572072983,2623,103.00506854057312,5_I_exp8,5_I.v1.l1.ds1.l_combo7.ds_combo3.idays30.odays7,100
1,1,1,7,3,60,1,0.013835038058459759,0.013835038058459759,133044.796875,0.08566209673881531,2599,71.03395318984985,5_I_exp8,5_I.v1.l1.ds1.l_combo7.ds_combo3.idays60.odays1,69
1,1,1,7,3,60,7,0.015363256447017193,0.015363257378339767,61954.02734375,0.08871080726385117,2593,105.5160186290741,5_I_exp8,5_I.v1.l1.ds1.l_combo7.ds_combo3.idays60.odays7,100
1,1,1,7,4,30,1,0.2621423900127411,0.2621423900127411,100.0,0.4633878767490387,2629,11.367676734924316,5_I_exp8,5_I.v1.l1.ds1.l_combo7.ds_combo4.idays30.odays1,11
1,1,1,7,4,30,7,0.03531985357403755,0.03531985357403755,268885.1875,0.14568254351615906,2623,104.30801486968994,5_I_exp8,5_I.v1.l1.ds1.l_combo7.ds_combo4.idays30.odays7,100
1,1,1,7,4,60,1,0.0453353151679039,0.0453353151679039,99.64270782470703,0.1760684698820114,2599,15.75849723815918,5_I_exp8,5_I.v1.l1.ds1.l_combo7.ds_combo4.idays60.odays1,15
1,1,1,7,4,60,7,0.26533523201942444,0.2653352618217468,99.97252655029297,0.4652208983898163,2593,11.88126516342163,5_I_exp8,5_I.v1.l1.ds1.l_combo7.ds_combo4.idays60.odays7,11
1,1,1,8,1,30,1,0.006472328677773476,0.006472328677773476,17.41316795349121,0.05682609602808952,3357,127.91694688796997,5_I_exp8,5_I.v1.l1.ds1.l_combo8.ds_combo1.idays30.odays1,100
1,1,1,8,1,30,7,0.0145263671875,0.0145263671875,79236.078125,0.08601456135511398,3351,132.83048725128174,5_I_exp8,5_I.v1.l1.ds1.l_combo8.ds_combo1.idays30.odays7,100
1,1,1,8,1,60,1,0.008254382759332657,0.008254382759332657,22.54443359375,0.06544831395149231,3327,127.960036277771,5_I_exp8,5_I.v1.l1.ds1.l_combo8.ds_combo1.idays60.odays1,100
1,1,1,8,1,60,7,0.014691735617816448,0.014691736549139023,108894.9296875,0.08636251837015152,3321,133.75498843193054,5_I_exp8,5_I.v1.l1.ds1.l_combo8.ds_combo1.idays60.odays7,100
1,1,1,8,3,30,1,0.011138399131596088,0.011138399131596088,97626.4921875,0.08274256438016891,2598,67.5867567062378,5_I_exp8,5_I.v1.l1.ds1.l_combo8.ds_combo3.idays30.odays1,67
1,1,1,8,3,30,7,0.012419243343174458,0.012419243343174458,133510.921875,0.0864049568772316,2592,103.13956618309021,5_I_exp8,5_I.v1.l1.ds1.l_combo8.ds_combo3.idays30.odays7,100
1,1,1,8,3,60,1,0.013796203769743443,0.013796203769743443,55.74909210205078,0.08452828228473663,2568,60.82613945007324,5_I_exp8,5_I.v1.l1.ds1.l_combo8.ds_combo3.idays60.odays1,60
1,1,1,8,3,60,7,0.013475332409143448,0.013475333340466022,52875.7578125,0.08795517683029175,2562,104.44268012046814,5_I_exp8,5_I.v1.l1.ds1.l_combo8.ds_combo3.idays60.odays7,100
1,1,1,8,4,30,1,0.028483547270298004,0.028483547270298004,48.11262512207031,0.1285913735628128,3357,126.04785466194153,5_I_exp8,5_I.v1.l1.ds1.l_combo8.ds_combo4.idays30.odays1,100
1,1,1,8,4,30,7,0.03418981656432152,0.03418981656432152,232725.46875,0.1383916139602661,3351,96.15904998779297,5_I_exp8,5_I.v1.l1.ds1.l_combo8.ds_combo4.idays30.odays7,73
1,1,1,8,4,60,1,0.3568025529384613,0.3568025529384613,100.0,0.5545777082443237,3327,14.502287864685059,5_I_exp8,5_I.v1.l1.ds1.l_combo8.ds_combo4.idays60.odays1,11
1,1,1,8,4,60,7,0.03688672184944153,0.03688672184944153,78.37469482421875,0.14739501476287842,3321,89.79620218276978,5_I_exp8,5_I.v1.l1.ds1.l_combo8.ds_combo4.idays60.odays7,68
1,1,1,9,1,30,1,0.010449334979057312,0.010449334979057312,26.796154022216797,0.07503919303417206,3389,129.46737957000732,5_I_exp8,5_I.v1.l1.ds1.l_combo9.ds_combo1.idays30.odays1,100
1,1,1,9,1,30,7,0.015597092919051647,0.015597092919051647,132089.453125,0.08934240788221359,3383,134.67797923088074,5_I_exp8,5_I.v1.l1.ds1.l_combo9.ds_combo1.idays30.odays7,100
1,1,1,9,1,60,1,0.017856331542134285,0.017856331542134285,34.26213455200195,0.10363921523094177,3359,90.5123679637909,5_I_exp8,5_I.v1.l1.ds1.l_combo9.ds_combo1.idays60.odays1,70
1,1,1,9,1,60,7,0.014847961254417896,0.014847961254417896,65141.734375,0.08816535770893097,3353,107.84556031227112,5_I_exp8,5_I.v1.l1.ds1.l_combo9.ds_combo1.idays60.odays7,80
1,1,1,9,3,30,1,0.012507349252700806,0.012507349252700806,1242565.25,0.08471900969743729,3363,109.19124960899353,5_I_exp8,5_I.v1.l1.ds1.l_combo9.ds_combo3.idays30.odays1,85
1,1,1,9,3,30,7,0.09140098839998245,0.09140098839998245,98.91581726074219,0.26158276200294495,3357,14.62069320678711,5_I_exp8,5_I.v1.l1.ds1.l_combo9.ds_combo3.idays30.odays7,11
1,1,1,9,3,60,1,0.08490331470966339,0.08490331470966339,99.25149536132812,0.25089597702026367,3333,14.449842929840088,5_I_exp8,5_I.v1.l1.ds1.l_combo9.ds_combo3.idays60.odays1,11
1,1,1,9,3,60,7,0.01336688082665205,0.0133668826892972,318378.84375,0.0841791182756424,3327,108.9274971485138,5_I_exp8,5_I.v1.l1.ds1.l_combo9.ds_combo3.idays60.odays7,81
1,1,1,9,4,30,1,0.025117982178926468,0.025117982178926468,701175.0,0.1200762540102005,3363,121.15482974052429,5_I_exp8,5_I.v1.l1.ds1.l_combo9.ds_combo4.idays30.odays1,96
1,1,1,9,4,30,7,0.02591131068766117,0.02591131255030632,240390.046875,0.11883817613124847,3357,131.78139519691467,5_I_exp8,5_I.v1.l1.ds1.l_combo9.ds_combo4.idays30.odays7,100
1,1,1,9,4,60,1,0.02244759537279606,0.02244759537279606,52.940120697021484,0.11201020330190659,3333,114.88093543052673,5_I_exp8,5_I.v1.l1.ds1.l_combo9.ds_combo4.idays60.odays1,89
1,1,1,9,4,60,7,0.32353365421295166,0.32353365421295166,99.95709991455078,0.5400620698928833,3327,14.734281539916992,5_I_exp8,5_I.v1.l1.ds1.l_combo9.ds_combo4.idays60.odays7,11
1,1,1,10,1,30,1,0.008558627218008041,0.008558627218008041,22.334440231323242,0.06857357919216156,2062,80.03317427635193,5_I_exp8,5_I.v1.l1.ds1.l_combo10.ds_combo1.idays30.odays1,100
1,1,1,10,1,30,7,0.016876252368092537,0.016876250505447388,153076.53125,0.09527607262134552,2056,82.42500233650208,5_I_exp8,5_I.v1.l1.ds1.l_combo10.ds_combo1.idays30.odays7,99
1,1,1,10,1,60,1,0.011959423311054707,0.011959423311054707,22.71149253845215,0.0760035291314125,2032,81.07499122619629,5_I_exp8,5_I.v1.l1.ds1.l_combo10.ds_combo1.idays60.odays1,100
1,1,1,10,1,60,7,0.01648741587996483,0.016487417742609978,92821.328125,0.09457794576883316,2026,83.52310419082642,5_I_exp8,5_I.v1.l1.ds1.l_combo10.ds_combo1.idays60.odays7,100
1,1,1,10,3,30,1,0.016184650361537933,0.016184650361537933,1195893.375,0.09815802425146103,2062,80.14890360832214,5_I_exp8,5_I.v1.l1.ds1.l_combo10.ds_combo3.idays30.odays1,100
1,1,1,10,3,30,7,0.022071801126003265,0.022071804851293564,727604.875,0.11549481004476547,2056,63.44498085975647,5_I_exp8,5_I.v1.l1.ds1.l_combo10.ds_combo3.idays30.odays7,77
1,1,1,10,3,60,1,0.02434399537742138,0.02434399537742138,93.21380615234375,0.12055084854364395,2032,22.6498966217041,5_I_exp8,5_I.v1.l1.ds1.l_combo10.ds_combo3.idays60.odays1,28
1,1,1,10,3,60,7,0.01842094585299492,0.01842094585299492,395980.28125,0.10355470329523087,2026,50.15939927101135,5_I_exp8,5_I.v1.l1.ds1.l_combo10.ds_combo3.idays60.odays7,60
1,1,1,10,4,30,1,0.04333700239658356,0.04333700239658356,991040.125,0.157331645488739,2062,42.169843912124634,5_I_exp8,5_I.v1.l1.ds1.l_combo10.ds_combo4.idays30.odays1,52
1,1,1,10,4,30,7,0.04394480213522911,0.04394480213522911,640930.8125,0.1665935516357422,2056,47.60836482048035,5_I_exp8,5_I.v1.l1.ds1.l_combo10.ds_combo4.idays30.odays7,57
1,1,1,10,4,60,1,0.22893302142620087,0.22893302142620087,100.0,0.4230523109436035,2032,9.198294162750244,5_I_exp8,5_I.v1.l1.ds1.l_combo10.ds_combo4.idays60.odays1,11
1,1,1,10,4,60,7,0.04048030078411102,0.04048030078411102,665952.125,0.15653002262115479,2026,83.89887619018555,5_I_exp8,5_I.v1.l1.ds1.l_combo10.ds_combo4.idays60.odays7,100
1,1,1,11,1,30,1,0.01956157758831978,0.01956157758831978,26.98288345336914,0.10379846394062042,3110,118.11206650733948,5_I_exp8,5_I.v1.l1.ds1.l_combo11.ds_combo1.idays30.odays1,100
1,1,1,11,1,30,7,0.014027230441570282,0.014027230441570282,40882.84765625,0.08495524525642395,3104,100.64654302597046,5_I_exp8,5_I.v1.l1.ds1.l_combo11.ds_combo1.idays30.odays7,82
1,1,1,11,1,60,1,0.007035865448415279,0.007035865448415279,17.334819793701172,0.05984112620353699,3080,123.95283699035645,5_I_exp8,5_I.v1.l1.ds1.l_combo11.ds_combo1.idays60.odays1,100
1,1,1,11,1,60,7,0.012651926837861538,0.012651926837861538,80234.8984375,0.0800979882478714,3074,123.6046941280365,5_I_exp8,5_I.v1.l1.ds1.l_combo11.ds_combo1.idays60.odays7,100
1,1,1,11,3,30,1,0.012323797680437565,0.012323797680437565,56.9507942199707,0.08213476091623306,3110,118.26743197441101,5_I_exp8,5_I.v1.l1.ds1.l_combo11.ds_combo3.idays30.odays1,100
1,1,1,11,3,30,7,0.01501439418643713,0.01501439232379198,440281.625,0.09167173504829407,3104,42.65976023674011,5_I_exp8,5_I.v1.l1.ds1.l_combo11.ds_combo3.idays30.odays7,34
1,1,1,11,3,60,1,0.01101472694426775,0.01101472694426775,82.5975570678711,0.0802890732884407,3080,99.85233187675476,5_I_exp8,5_I.v1.l1.ds1.l_combo11.ds_combo3.idays60.odays1,83
1,1,1,11,3,60,7,0.015166481956839561,0.015166482888162136,202775.6875,0.0897902175784111,3074,125.16292119026184,5_I_exp8,5_I.v1.l1.ds1.l_combo11.ds_combo3.idays60.odays7,100
1,1,1,11,4,30,1,0.3446027636528015,0.3446027636528015,100.0,0.5614121556282043,3110,13.184353828430176,5_I_exp8,5_I.v1.l1.ds1.l_combo11.ds_combo4.idays30.odays1,11
1,1,1,11,4,30,7,0.0262320414185524,0.0262320414185524,225019.15625,0.12231386452913284,3104,122.05760192871094,5_I_exp8,5_I.v1.l1.ds1.l_combo11.ds_combo4.idays30.odays7,100
1,1,1,11,4,60,1,0.02702123112976551,0.02702123112976551,996257.875,0.1273365467786789,3080,50.96301054954529,5_I_exp8,5_I.v1.l1.ds1.l_combo11.ds_combo4.idays60.odays1,42
1,1,1,11,4,60,7,0.34232771396636963,0.34232771396636963,99.95362091064453,0.558255136013031,3074,14.474575996398926,5_I_exp8,5_I.v1.l1.ds1.l_combo11.ds_combo4.idays60.odays7,11
1,1,1,12,1,30,1,0.00786468107253313,0.00786468107253313,20.44207763671875,0.06300155073404312,3385,109.56093239784241,5_I_exp8,5_I.v1.l1.ds1.l_combo12.ds_combo1.idays30.odays1,84
1,1,1,12,1,30,7,0.014530949294567108,0.014530949294567108,32.661441802978516,0.08827391266822815,3379,132.73284649848938,5_I_exp8,5_I.v1.l1.ds1.l_combo12.ds_combo1.idays30.odays7,100
1,1,1,12,1,60,1,0.009534967131912708,0.009534967131912708,23.77165985107422,0.06967636197805405,3355,133.13150572776794,5_I_exp8,5_I.v1.l1.ds1.l_combo12.ds_combo1.idays60.odays1,100
1,1,1,12,1,60,7,0.02421984076499939,0.02421983890235424,142750.453125,0.1202394887804985,3349,78.51645302772522,5_I_exp8,5_I.v1.l1.ds1.l_combo12.ds_combo1.idays60.odays7,58
1,1,1,12,3,30,1,0.015458205714821815,0.015458205714821815,65819.1640625,0.08838401734828949,3385,116.0007574558258,5_I_exp8,5_I.v1.l1.ds1.l_combo12.ds_combo3.idays30.odays1,89
1,1,1,12,3,30,7,0.014549348503351212,0.014549348503351212,62838.40234375,0.08937684446573257,3379,86.1428918838501,5_I_exp8,5_I.v1.l1.ds1.l_combo12.ds_combo3.idays30.odays7,64
1,1,1,12,3,60,1,0.013020680285990238,0.013020680285990238,113821.15625,0.08268160372972488,3355,122.72723364830017,5_I_exp8,5_I.v1.l1.ds1.l_combo12.ds_combo3.idays60.odays1,95
1,1,1,12,3,60,7,0.01309349574148655,0.0130934938788414,67877.171875,0.08660674840211868,3349,134.93606114387512,5_I_exp8,5_I.v1.l1.ds1.l_combo12.ds_combo3.idays60.odays7,100
1,1,1,12,4,30,1,0.3549485504627228,0.3549485504627228,100.0,0.5669793486595154,3385,14.878890752792358,5_I_exp8,5_I.v1.l1.ds1.l_combo12.ds_combo4.idays30.odays1,11
1,1,1,12,4,30,7,0.3583793342113495,0.3583793342113495,100.0,0.571826696395874,3379,14.837846279144287,5_I_exp8,5_I.v1.l1.ds1.l_combo12.ds_combo4.idays30.odays7,11
1,1,1,12,4,60,1,0.03150060400366783,0.03150060400366783,35.21516418457031,0.13649161159992218,3355,130.36791014671326,5_I_exp8,5_I.v1.l1.ds1.l_combo12.ds_combo4.idays60.odays1,100
1,1,1,12,4,60,7,0.030647756531834602,0.0306477602571249,630617.5625,0.13110463321208954,3349,94.98140621185303,5_I_exp8,5_I.v1.l1.ds1.l_combo12.ds_combo4.idays60.odays7,69
1,1,1,13,1,30,1,0.008183578960597515,0.008183578960597515,22.059263229370117,0.0653844103217125,3377,119.65441417694092,5_I_exp8,5_I.v1.l1.ds1.l_combo13.ds_combo1.idays30.odays1,94
1,1,1,13,1,30,7,0.013719964772462845,0.01371996384114027,86141.34375,0.0839424654841423,3371,121.45245122909546,5_I_exp8,5_I.v1.l1.ds1.l_combo13.ds_combo1.idays30.odays7,92
1,1,1,13,1,60,1,0.006827001925557852,0.006827001925557852,18.065292358398438,0.059862758964300156,3347,132.4810721874237,5_I_exp8,5_I.v1.l1.ds1.l_combo13.ds_combo1.idays60.odays1,100
1,1,1,13,1,60,7,0.015422036871314049,0.015422038733959198,120453.265625,0.0889340192079544,3341,133.8593943119049,5_I_exp8,5_I.v1.l1.ds1.l_combo13.ds_combo1.idays60.odays7,100
1,1,1,13,3,30,1,0.015955939888954163,0.015955939888954163,211767.40625,0.09492100030183792,3377,127.94108605384827,5_I_exp8,5_I.v1.l1.ds1.l_combo13.ds_combo3.idays30.odays1,100
1,1,1,13,3,30,7,0.017373552545905113,0.017373552545905113,144868.390625,0.09846756607294083,3371,73.8323245048523,5_I_exp8,5_I.v1.l1.ds1.l_combo13.ds_combo3.idays30.odays7,55
1,1,1,13,3,60,1,0.016209406778216362,0.016209406778216362,56.17250442504883,0.09342020004987717,3347,95.74005484580994,5_I_exp8,5_I.v1.l1.ds1.l_combo13.ds_combo3.idays60.odays1,74
1,1,1,13,3,60,7,0.01684323512017727,0.01684323512017727,303417.3125,0.09856588393449783,3341,134.79812812805176,5_I_exp8,5_I.v1.l1.ds1.l_combo13.ds_combo3.idays60.odays7,100
1,1,1,13,4,30,1,0.034360840916633606,0.034360840916633606,64.06307983398438,0.14615324139595032,3377,79.81536340713501,5_I_exp8,5_I.v1.l1.ds1.l_combo13.ds_combo4.idays30.odays1,62
1,1,1,13,4,30,7,0.037167370319366455,0.037167370319366455,110996.546875,0.1504496932029724,3371,87.10010862350464,5_I_exp8,5_I.v1.l1.ds1.l_combo13.ds_combo4.idays30.odays7,66
1,1,1,13,4,60,1,0.2566477656364441,0.2566477656364441,99.85074615478516,0.469422310590744,3347,14.704270601272583,5_I_exp8,5_I.v1.l1.ds1.l_combo13.ds_combo4.idays60.odays1,11
1,1,1,13,4,60,7,0.0374237559735775,0.0374237596988678,290728.1875,0.1501433551311493,3341,58.01128339767456,5_I_exp8,5_I.v1.l1.ds1.l_combo13.ds_combo4.idays60.odays7,42
1,1,1,14,1,30,1,0.007481468841433525,0.007481468841433525,33119.3359375,0.06255870312452316,3385,129.63781571388245,5_I_exp8,5_I.v1.l1.ds1.l_combo14.ds_combo1.idays30.odays1,100
1,1,1,14,1,30,7,0.015721917152404785,0.015721919015049934,52159.3359375,0.09179800003767014,3379,132.44973754882812,5_I_exp8,5_I.v1.l1.ds1.l_combo14.ds_combo1.idays30.odays7,100
1,1,1,14,1,60,1,0.009034628979861736,0.009034628979861736,22.336322784423828,0.06674090772867203,3355,132.74019742012024,5_I_exp8,5_I.v1.l1.ds1.l_combo14.ds_combo1.idays60.odays1,100
1,1,1,14,1,60,7,0.014786738902330399,0.014786739833652973,151154.375,0.09009674191474915,3349,102.8264753818512,5_I_exp8,5_I.v1.l1.ds1.l_combo14.ds_combo1.idays60.odays7,77
1,1,1,14,3,30,1,0.01247174758464098,0.01247174758464098,175430.578125,0.08770456910133362,3385,129.7125220298767,5_I_exp8,5_I.v1.l1.ds1.l_combo14.ds_combo3.idays30.odays1,100
1,1,1,14,3,30,7,0.014086267910897732,0.014086267910897732,120145.1875,0.08907825499773026,3379,116.13865303993225,5_I_exp8,5_I.v1.l1.ds1.l_combo14.ds_combo3.idays30.odays7,87
1,1,1,14,3,60,1,0.012929013930261135,0.012929013930261135,76807.9609375,0.08636266738176346,3355,84.81666541099548,5_I_exp8,5_I.v1.l1.ds1.l_combo14.ds_combo3.idays60.odays1,65
1,1,1,14,3,60,7,0.01442335918545723,0.01442335918545723,178521.03125,0.09246610105037689,3349,116.24558639526367,5_I_exp8,5_I.v1.l1.ds1.l_combo14.ds_combo3.idays60.odays7,86
1,1,1,14,4,30,1,0.03276832401752472,0.03276832401752472,835079.5625,0.14402927458286285,3385,71.05277490615845,5_I_exp8,5_I.v1.l1.ds1.l_combo14.ds_combo4.idays30.odays1,54
1,1,1,14,4,30,7,0.03338542953133583,0.03338543698191643,104659.5078125,0.14543397724628448,3379,76.84920406341553,5_I_exp8,5_I.v1.l1.ds1.l_combo14.ds_combo4.idays30.odays7,58
1,1,1,14,4,60,1,0.03219933807849884,0.03219933807849884,45.24711227416992,0.1428004503250122,3355,63.14577579498291,5_I_exp8,5_I.v1.l1.ds1.l_combo14.ds_combo4.idays60.odays1,48
1,1,1,14,4,60,7,0.03040381707251072,0.03040381707251072,41.08721160888672,0.13861562311649323,3349,136.48346138000488,5_I_exp8,5_I.v1.l1.ds1.l_combo14.ds_combo4.idays60.odays7,100
1,1,1,0,1,30,1,0.00954108964651823,0.00954108964651823,22.97429847717285,0.06977979838848114,3287,91.12683391571045,5_I_exp32,5_I.v1.l1.ds1.l_combo0.ds_combo1.idays30.odays1,74
1,1,1,0,1,30,7,0.01564497873187065,0.01564497873187065,95533.15625,0.09235861897468567,3281,101.5846700668335,5_I_exp32,5_I.v1.l1.ds1.l_combo0.ds_combo1.idays30.odays7,79
1,1,1,0,1,60,1,0.01514187641441822,0.01514187641441822,26.089797973632812,0.09389883279800415,3257,128.91167616844177,5_I_exp32,5_I.v1.l1.ds1.l_combo0.ds_combo1.idays60.odays1,100
1,1,1,0,1,60,7,0.01510000228881836,0.015100004151463509,170070.171875,0.09221885353326797,3251,131.68301796913147,5_I_exp32,5_I.v1.l1.ds1.l_combo0.ds_combo1.idays60.odays7,100
1,1,1,0,3,30,1,0.015482853166759014,0.015482853166759014,42.19464874267578,0.09717213362455368,3287,79.65692830085754,5_I_exp32,5_I.v1.l1.ds1.l_combo0.ds_combo3.idays30.odays1,64
1,1,1,0,3,30,7,0.01640666276216507,0.01640666276216507,44608.5859375,0.10008672624826431,3281,130.15590119361877,5_I_exp32,5_I.v1.l1.ds1.l_combo0.ds_combo3.idays30.odays7,100
1,1,1,0,3,60,1,0.012519433163106441,0.012519433163106441,120862.921875,0.08988884091377258,3257,61.657570123672485,5_I_exp32,5_I.v1.l1.ds1.l_combo0.ds_combo3.idays60.odays1,48
1,1,1,0,3,60,7,0.01573711447417736,0.01573711447417736,52777.21875,0.0971963182091713,3251,131.34967947006226,5_I_exp32,5_I.v1.l1.ds1.l_combo0.ds_combo3.idays60.odays7,100
1,1,1,0,4,30,1,0.0331556499004364,0.0331556499004364,548119.125,0.1352338194847107,3287,77.78486180305481,5_I_exp32,5_I.v1.l1.ds1.l_combo0.ds_combo4.idays30.odays1,62
1,1,1,0,4,30,7,0.03384644538164139,0.033846449106931686,1086179.5,0.1387030929327011,3281,61.451926946640015,5_I_exp32,5_I.v1.l1.ds1.l_combo0.ds_combo4.idays30.odays7,48
1,1,1,0,4,60,1,0.04514748975634575,0.04514748975634575,700591.1875,0.1659744530916214,3257,53.60532259941101,5_I_exp32,5_I.v1.l1.ds1.l_combo0.ds_combo4.idays60.odays1,42
1,1,1,0,4,60,7,0.3155745267868042,0.3155745267868042,99.82471466064453,0.5203117728233337,3251,15.172469139099121,5_I_exp32,5_I.v1.l1.ds1.l_combo0.ds_combo4.idays60.odays7,11
1,1,1,1,1,30,1,0.008332015946507454,0.008332015946507454,21.0432071685791,0.06485476344823837,3337,93.79918932914734,5_I_exp32,5_I.v1.l1.ds1.l_combo1.ds_combo1.idays30.odays1,74
1,1,1,1,1,30,7,0.014308429323136806,0.014308428391814232,18541.111328125,0.08858300745487213,3331,130.26813459396362,5_I_exp32,5_I.v1.l1.ds1.l_combo1.ds_combo1.idays30.odays7,100
1,1,1,1,1,60,1,0.008426086977124214,0.008426086977124214,19.811664581298828,0.06396212428808212,3307,82.34358072280884,5_I_exp32,5_I.v1.l1.ds1.l_combo1.ds_combo1.idays60.odays1,63
1,1,1,1,1,60,7,0.016515681520104408,0.016515681520104408,88979.40625,0.09293071180582047,3301,131.88625049591064,5_I_exp32,5_I.v1.l1.ds1.l_combo1.ds_combo1.idays60.odays7,100
1,1,1,1,3,30,1,0.019664384424686432,0.019664384424686432,552018.0625,0.10916303843259811,2706,74.34258699417114,5_I_exp32,5_I.v1.l1.ds1.l_combo1.ds_combo3.idays30.odays1,72
1,1,1,1,3,30,7,0.019414767622947693,0.019414767622947693,78199.2734375,0.1080794408917427,2700,79.16582798957825,5_I_exp32,5_I.v1.l1.ds1.l_combo1.ds_combo3.idays30.odays7,73
1,1,1,1,3,60,1,0.014936034567654133,0.014936034567654133,58.799503326416016,0.0959140732884407,2676,56.32465100288391,5_I_exp32,5_I.v1.l1.ds1.l_combo1.ds_combo3.idays60.odays1,54
1,1,1,1,3,60,7,0.01959308050572872,0.019593078643083572,22868.75390625,0.10722623765468597,2670,63.27560520172119,5_I_exp32,5_I.v1.l1.ds1.l_combo1.ds_combo3.idays60.odays7,58
1,1,1,1,4,30,1,0.032776378095149994,0.032776378095149994,87.58683013916016,0.14158067107200623,3337,85.1650493144989,5_I_exp32,5_I.v1.l1.ds1.l_combo1.ds_combo4.idays30.odays1,66
1,1,1,1,4,30,7,0.03371487557888031,0.03371487557888031,235259.8125,0.14623267948627472,3331,117.10330057144165,5_I_exp32,5_I.v1.l1.ds1.l_combo1.ds_combo4.idays30.odays7,90
1,1,1,1,4,60,1,0.030059609562158585,0.030059609562158585,52.15044403076172,0.13734740018844604,3307,88.87280106544495,5_I_exp32,5_I.v1.l1.ds1.l_combo1.ds_combo4.idays60.odays1,69
1,1,1,1,4,60,7,0.03354887291789055,0.033548880368471146,334446.5,0.14413094520568848,3301,44.99072980880737,5_I_exp32,5_I.v1.l1.ds1.l_combo1.ds_combo4.idays60.odays7,34
1,1,1,2,1,30,1,0.009166372008621693,0.009166372008621693,20.712936401367188,0.06779658794403076,3272,123.8182065486908,5_I_exp32,5_I.v1.l1.ds1.l_combo2.ds_combo1.idays30.odays1,100
1,1,1,2,1,30,7,0.015165511518716812,0.015165511518716812,39659.9921875,0.09205503761768341,3266,129.9474060535431,5_I_exp32,5_I.v1.l1.ds1.l_combo2.ds_combo1.idays30.odays7,100
1,1,1,2,1,60,1,0.010087673552334309,0.010087673552334309,104290.6328125,0.07203034311532974,3242,124.83956694602966,5_I_exp32,5_I.v1.l1.ds1.l_combo2.ds_combo1.idays60.odays1,100
1,1,1,2,1,60,7,0.016269033774733543,0.016269033774733543,226382.25,0.09389286488294601,3236,129.5911042690277,5_I_exp32,5_I.v1.l1.ds1.l_combo2.ds_combo1.idays60.odays7,100
1,1,1,2,3,30,1,0.015639327466487885,0.015639327466487885,53.769405364990234,0.09361279755830765,3272,81.89166927337646,5_I_exp32,5_I.v1.l1.ds1.l_combo2.ds_combo3.idays30.odays1,66
1,1,1,2,3,30,7,0.015334537252783775,0.01533453818410635,240694.5,0.09407186508178711,3266,130.0946385860443,5_I_exp32,5_I.v1.l1.ds1.l_combo2.ds_combo3.idays30.odays7,100
1,1,1,2,3,60,1,0.014300616458058357,0.014300616458058357,363171.78125,0.09181313961744308,3242,56.643656492233276,5_I_exp32,5_I.v1.l1.ds1.l_combo2.ds_combo3.idays60.odays1,45
1,1,1,2,3,60,7,0.013773461803793907,0.013773463666439056,23932.716796875,0.09034788608551025,3236,129.7825436592102,5_I_exp32,5_I.v1.l1.ds1.l_combo2.ds_combo3.idays60.odays7,100
1,1,1,2,4,30,1,0.02736099436879158,0.02736099436879158,37.41157531738281,0.13130387663841248,3272,25.484092950820923,5_I_exp32,5_I.v1.l1.ds1.l_combo2.ds_combo4.idays30.odays1,20
1,1,1,2,4,30,7,0.026227988302707672,0.026227988302707672,46.65841293334961,0.1272648274898529,3266,40.0777108669281,5_I_exp32,5_I.v1.l1.ds1.l_combo2.ds_combo4.idays30.odays7,31
1,1,1,2,4,60,1,0.023791516199707985,0.023791516199707985,41.20870590209961,0.12148642539978027,3242,73.03971147537231,5_I_exp32,5_I.v1.l1.ds1.l_combo2.ds_combo4.idays60.odays1,58
1,1,1,2,4,60,7,0.3309486210346222,0.3309486210346222,99.9559097290039,0.5382943153381348,3236,15.011834859848022,5_I_exp32,5_I.v1.l1.ds1.l_combo2.ds_combo4.idays60.odays7,11
1,1,1,3,1,30,1,0.009430711157619953,0.009430711157619953,170804.9375,0.06994862854480743,3389,117.85298371315002,5_I_exp32,5_I.v1.l1.ds1.l_combo3.ds_combo1.idays30.odays1,91
1,1,1,3,1,30,7,0.016013342887163162,0.016013342887163162,19527.255859375,0.09042743593454361,3383,85.99193048477173,5_I_exp32,5_I.v1.l1.ds1.l_combo3.ds_combo1.idays30.odays7,64
1,1,1,3,1,60,1,0.0069910031743347645,0.0069910031743347645,162572.6875,0.060647375881671906,3359,111.73624420166016,5_I_exp32,5_I.v1.l1.ds1.l_combo3.ds_combo1.idays60.odays1,84
1,1,1,3,1,60,7,0.014606660231947899,0.014606661163270473,28.08469581604004,0.08670397847890854,3353,134.95063257217407,5_I_exp32,5_I.v1.l1.ds1.l_combo3.ds_combo1.idays60.odays7,100
1,1,1,3,3,30,1,0.01608870178461075,0.01608870178461075,49.9360237121582,0.09308918565511703,3389,100.94908738136292,5_I_exp32,5_I.v1.l1.ds1.l_combo3.ds_combo3.idays30.odays1,78
1,1,1,3,3,30,7,0.015260247513651848,0.015260247513651848,333188.21875,0.09440723061561584,3383,136.89608335494995,5_I_exp32,5_I.v1.l1.ds1.l_combo3.ds_combo3.idays30.odays7,100
1,1,1,3,3,60,1,0.014955610036849976,0.014955610036849976,363309.9375,0.09394707530736923,3359,50.826560735702515,5_I_exp32,5_I.v1.l1.ds1.l_combo3.ds_combo3.idays60.odays1,39
1,1,1,3,3,60,7,0.015886642038822174,0.015886642038822174,295393.15625,0.09453312307596207,3353,134.8937222957611,5_I_exp32,5_I.v1.l1.ds1.l_combo3.ds_combo3.idays60.odays7,100
1,1,1,3,4,30,1,0.3219093382358551,0.3219093382358551,100.0,0.5327674150466919,3389,14.825273036956787,5_I_exp32,5_I.v1.l1.ds1.l_combo3.ds_combo4.idays30.odays1,11
1,1,1,3,4,30,7,0.028132382780313492,0.028132380917668343,179930.53125,0.131190225481987,3383,80.48179888725281,5_I_exp32,5_I.v1.l1.ds1.l_combo3.ds_combo4.idays30.odays7,60
1,1,1,3,4,60,1,0.33663976192474365,0.33663976192474365,99.85118865966797,0.5441206097602844,3359,14.664280652999878,5_I_exp32,5_I.v1.l1.ds1.l_combo3.ds_combo4.idays60.odays1,11
1,1,1,3,4,60,7,0.0298901479691267,0.029890151694417,467721.75,0.13808082044124603,3353,69.9933500289917,5_I_exp32,5_I.v1.l1.ds1.l_combo3.ds_combo4.idays60.odays7,51
1,1,1,4,1,30,1,0.020640337839722633,0.020640337839722633,31.19183349609375,0.11242664605379105,3378,126.92770147323608,5_I_exp32,5_I.v1.l1.ds1.l_combo4.ds_combo1.idays30.odays1,100
1,1,1,4,1,30,7,0.015350491739809513,0.015350491739809513,12869.2041015625,0.08981973677873611,3372,77.8067102432251,5_I_exp32,5_I.v1.l1.ds1.l_combo4.ds_combo1.idays30.odays7,59
1,1,1,4,1,60,1,0.0074952333234250546,0.0074952333234250546,20.966215133666992,0.0611317977309227,3348,132.29420709609985,5_I_exp32,5_I.v1.l1.ds1.l_combo4.ds_combo1.idays60.odays1,100
1,1,1,4,1,60,7,0.013991234824061394,0.013991233892738819,75148.640625,0.08609135448932648,3342,134.37210869789124,5_I_exp32,5_I.v1.l1.ds1.l_combo4.ds_combo1.idays60.odays7,100
1,1,1,4,3,30,1,0.015484776347875595,0.015484776347875595,2563450.5,0.09552962332963943,3378,53.55122208595276,5_I_exp32,5_I.v1.l1.ds1.l_combo4.ds_combo3.idays30.odays1,42
1,1,1,4,3,30,7,0.01438645925372839,0.014386458322405815,3050631.75,0.09126754850149155,3372,133.75031733512878,5_I_exp32,5_I.v1.l1.ds1.l_combo4.ds_combo3.idays30.odays7,100
1,1,1,4,3,60,1,0.013505424372851849,0.013505424372851849,2323558.5,0.08777620643377304,3348,111.94944286346436,5_I_exp32,5_I.v1.l1.ds1.l_combo4.ds_combo3.idays60.odays1,86
1,1,1,4,3,60,7,0.015445509925484657,0.015445510856807232,3441340.75,0.09523741900920868,3342,51.216352701187134,5_I_exp32,5_I.v1.l1.ds1.l_combo4.ds_combo3.idays60.odays7,38
1,1,1,4,4,30,1,0.03523143008351326,0.03523143008351326,782108.625,0.14964477717876434,3378,51.5578408241272,5_I_exp32,5_I.v1.l1.ds1.l_combo4.ds_combo4.idays30.odays1,40
1,1,1,4,4,30,7,0.039426837116479874,0.03942684084177017,962027.4375,0.1581575572490692,3372,44.75526309013367,5_I_exp32,5_I.v1.l1.ds1.l_combo4.ds_combo4.idays30.odays7,34
1,1,1,4,4,60,1,0.038759615272283554,0.038759615272283554,65.01644134521484,0.15815284848213196,3348,47.19351577758789,5_I_exp32,5_I.v1.l1.ds1.l_combo4.ds_combo4.idays60.odays1,36
1,1,1,4,4,60,7,0.04032000154256821,0.04032000154256821,1234271.0,0.15970897674560547,3342,50.54207801818848,5_I_exp32,5_I.v1.l1.ds1.l_combo4.ds_combo4.idays60.odays7,37
1,1,1,5,1,30,1,0.007016076240688562,0.007016076240688562,20.42780876159668,0.05837493762373924,3390,129.11154532432556,5_I_exp32,5_I.v1.l1.ds1.l_combo5.ds_combo1.idays30.odays1,100
1,1,1,5,1,30,7,0.015016986057162285,0.015016986057162285,72596.546875,0.08846785873174667,3384,134.2599799633026,5_I_exp32,5_I.v1.l1.ds1.l_combo5.ds_combo1.idays30.odays7,100
1,1,1,5,1,60,1,0.009374533779919147,0.009374533779919147,21.2779483795166,0.06929849088191986,3360,131.63758254051208,5_I_exp32,5_I.v1.l1.ds1.l_combo5.ds_combo1.idays60.odays1,100
1,1,1,5,1,60,7,0.017301572486758232,0.017301570624113083,48262.02734375,0.09591569006443024,3354,68.86186027526855,5_I_exp32,5_I.v1.l1.ds1.l_combo5.ds_combo1.idays60.odays7,51
1,1,1,5,3,30,1,0.013183359056711197,0.013183359056711197,22622.326171875,0.08753065764904022,3390,129.31265449523926,5_I_exp32,5_I.v1.l1.ds1.l_combo5.ds_combo3.idays30.odays1,100
1,1,1,5,3,30,7,0.014388637617230415,0.014388637617230415,148870.875,0.0915934145450592,3384,135.57656407356262,5_I_exp32,5_I.v1.l1.ds1.l_combo5.ds_combo3.idays30.odays7,100
1,1,1,5,3,60,1,0.013387058861553669,0.013387058861553669,805818.1875,0.08753861486911774,3360,87.31857633590698,5_I_exp32,5_I.v1.l1.ds1.l_combo5.ds_combo3.idays60.odays1,67
1,1,1,5,3,60,7,0.01656249165534973,0.01656249165534973,199389.796875,0.09823718667030334,3354,125.06621384620667,5_I_exp32,5_I.v1.l1.ds1.l_combo5.ds_combo3.idays60.odays7,93
1,1,1,5,4,30,1,0.056731756776571274,0.056731756776571274,754102.25,0.191555917263031,3390,117.28083539009094,5_I_exp32,5_I.v1.l1.ds1.l_combo5.ds_combo4.idays30.odays1,90
1,1,1,5,4,30,7,0.3489764332771301,0.34897640347480774,99.74715423583984,0.5375928282737732,3384,15.039193153381348,5_I_exp32,5_I.v1.l1.ds1.l_combo5.ds_combo4.idays30.odays7,11
1,1,1,5,4,60,1,0.3615850806236267,0.3615850806236267,100.0,0.5456210374832153,3360,14.59755277633667,5_I_exp32,5_I.v1.l1.ds1.l_combo5.ds_combo4.idays60.odays1,11
1,1,1,5,4,60,7,0.05711068585515022,0.05711069703102112,1452302.375,0.19309401512145996,3354,135.7526364326477,5_I_exp32,5_I.v1.l1.ds1.l_combo5.ds_combo4.idays60.odays7,100
1,1,1,6,1,30,1,0.007747901137918234,0.007747901137918234,131160.453125,0.05919196084141731,3392,128.49797415733337,5_I_exp32,5_I.v1.l1.ds1.l_combo6.ds_combo1.idays30.odays1,100
1,1,1,6,1,30,7,0.01385453436523676,0.013854537159204483,26.5487003326416,0.08141983300447464,3386,133.81393241882324,5_I_exp32,5_I.v1.l1.ds1.l_combo6.ds_combo1.idays30.odays7,100
1,1,1,6,1,60,1,0.007005445193499327,0.007005445193499327,17.804086685180664,0.05820116400718689,3362,130.85352611541748,5_I_exp32,5_I.v1.l1.ds1.l_combo6.ds_combo1.idays60.odays1,100
1,1,1,6,1,60,7,0.01463042851537466,0.014630429446697235,101861.21875,0.08476673811674118,3356,90.02754592895508,5_I_exp32,5_I.v1.l1.ds1.l_combo6.ds_combo1.idays60.odays7,67
1,1,1,7,1,30,1,0.008404870517551899,0.008404870517551899,21.263751983642578,0.0647687241435051,2629,92.61907911300659,5_I_exp32,5_I.v1.l1.ds1.l_combo7.ds_combo1.idays30.odays1,92
1,1,1,7,1,30,7,0.0160062313079834,0.01600622944533825,104621.4453125,0.09206290543079376,2623,96.56289744377136,5_I_exp32,5_I.v1.l1.ds1.l_combo7.ds_combo1.idays30.odays7,93
1,1,1,7,1,60,1,0.009962948970496655,0.009962948970496655,26.515750885009766,0.07356275618076324,2599,97.92960858345032,5_I_exp32,5_I.v1.l1.ds1.l_combo7.ds_combo1.idays60.odays1,97
1,1,1,7,1,60,7,0.014342117123305798,0.014342118054628372,64968.22265625,0.08664828538894653,2593,105.55481505393982,5_I_exp32,5_I.v1.l1.ds1.l_combo7.ds_combo1.idays60.odays7,100
1,1,1,7,3,30,1,0.017170047387480736,0.017170047387480736,66.55426788330078,0.09497525542974472,2629,39.99243521690369,5_I_exp32,5_I.v1.l1.ds1.l_combo7.ds_combo3.idays30.odays1,39
1,1,1,7,3,30,7,0.016232067719101906,0.016232069581747055,18583.16796875,0.09279265999794006,2623,102.11588096618652,5_I_exp32,5_I.v1.l1.ds1.l_combo7.ds_combo3.idays30.odays7,100
1,1,1,7,3,60,1,0.014482309110462666,0.014482309110462666,52.71710968017578,0.08485103398561478,2599,55.641170024871826,5_I_exp32,5_I.v1.l1.ds1.l_combo7.ds_combo3.idays60.odays1,54
1,1,1,7,3,60,7,0.01548292487859726,0.01548292487859726,286773.78125,0.0907590240240097,2593,61.507529973983765,5_I_exp32,5_I.v1.l1.ds1.l_combo7.ds_combo3.idays60.odays7,58
1,1,1,7,4,30,1,0.2685820758342743,0.2685820758342743,100.0,0.47036054730415344,2629,11.228557348251343,5_I_exp32,5_I.v1.l1.ds1.l_combo7.ds_combo4.idays30.odays1,11
1,1,1,7,4,30,7,0.03600374236702919,0.03600374236702919,268826.0,0.14398644864559174,2623,103.151939868927,5_I_exp32,5_I.v1.l1.ds1.l_combo7.ds_combo4.idays30.odays7,100
1,1,1,7,4,60,1,0.05008910968899727,0.05008910968899727,720010.1875,0.18495243787765503,2599,16.86664891242981,5_I_exp32,5_I.v1.l1.ds1.l_combo7.ds_combo4.idays60.odays1,16
1,1,1,7,4,60,7,0.264247864484787,0.264247864484787,99.86264038085938,0.4633191227912903,2593,11.81576681137085,5_I_exp32,5_I.v1.l1.ds1.l_combo7.ds_combo4.idays60.odays7,11
1,1,1,8,1,30,1,0.006581450346857309,0.006581450346857309,17.84440803527832,0.05730963498353958,3357,126.65806818008423,5_I_exp32,5_I.v1.l1.ds1.l_combo8.ds_combo1.idays30.odays1,100
1,1,1,8,1,30,7,0.014172019436955452,0.014172017574310303,55434.984375,0.08551604300737381,3351,84.22780656814575,5_I_exp32,5_I.v1.l1.ds1.l_combo8.ds_combo1.idays30.odays7,63
1,1,1,8,1,60,1,0.0077459849417209625,0.0077459849417209625,162555.828125,0.06373485922813416,3327,119.05738806724548,5_I_exp32,5_I.v1.l1.ds1.l_combo8.ds_combo1.idays60.odays1,93
1,1,1,8,1,60,7,0.014089328236877918,0.014089328236877918,65211.00390625,0.08397983759641647,3321,133.31887531280518,5_I_exp32,5_I.v1.l1.ds1.l_combo8.ds_combo1.idays60.odays7,100
1,1,1,8,3,30,1,0.013334219343960285,0.013334219343960285,122283.7734375,0.08606107532978058,2598,65.87383723258972,5_I_exp32,5_I.v1.l1.ds1.l_combo8.ds_combo3.idays30.odays1,65
1,1,1,8,3,30,7,0.01296855229884386,0.012968551367521286,29689.05078125,0.08736609667539597,2592,62.889344453811646,5_I_exp32,5_I.v1.l1.ds1.l_combo8.ds_combo3.idays30.odays7,61
1,1,1,8,3,60,1,0.011824454180896282,0.011824454180896282,52.6182861328125,0.08049340546131134,2568,61.28653621673584,5_I_exp32,5_I.v1.l1.ds1.l_combo8.ds_combo3.idays60.odays1,61
1,1,1,8,3,60,7,0.01222272403538227,0.01222272403538227,113386.9765625,0.08299792557954788,2562,105.16741013526917,5_I_exp32,5_I.v1.l1.ds1.l_combo8.ds_combo3.idays60.odays7,100
1,1,1,8,4,30,1,0.0312638133764267,0.0312638133764267,57.415218353271484,0.12956717610359192,3357,77.51831388473511,5_I_exp32,5_I.v1.l1.ds1.l_combo8.ds_combo4.idays30.odays1,61
1,1,1,8,4,30,7,0.03294173628091812,0.03294173628091812,77.82489776611328,0.1370856612920761,3351,115.60368728637695,5_I_exp32,5_I.v1.l1.ds1.l_combo8.ds_combo4.idays30.odays7,88
1,1,1,8,4,60,1,0.36957210302352905,0.36957210302352905,100.0,0.5676652193069458,3327,14.694353342056274,5_I_exp32,5_I.v1.l1.ds1.l_combo8.ds_combo4.idays60.odays1,11
1,1,1,8,4,60,7,0.037292223423719406,0.03729221969842911,280615.4375,0.14748609066009521,3321,63.44725847244263,5_I_exp32,5_I.v1.l1.ds1.l_combo8.ds_combo4.idays60.odays7,48
1,1,1,9,1,30,1,0.010654082521796227,0.010654082521796227,30979.78515625,0.07443203777074814,3389,129.70242524147034,5_I_exp32,5_I.v1.l1.ds1.l_combo9.ds_combo1.idays30.odays1,100
1,1,1,9,1,30,7,0.015179546549916267,0.015179546549916267,123454.9921875,0.08466105908155441,3383,134.98318815231323,5_I_exp32,5_I.v1.l1.ds1.l_combo9.ds_combo1.idays30.odays7,100
1,1,1,9,1,60,1,0.018005546182394028,0.018005546182394028,32.66731643676758,0.10236833989620209,3359,69.01675248146057,5_I_exp32,5_I.v1.l1.ds1.l_combo9.ds_combo1.idays60.odays1,53
1,1,1,9,1,60,7,0.014243748970329762,0.014243747107684612,108584.5859375,0.08662303537130356,3353,134.27763080596924,5_I_exp32,5_I.v1.l1.ds1.l_combo9.ds_combo1.idays60.odays7,100
1,1,1,9,3,30,1,0.011737264692783356,0.011737264692783356,198448.90625,0.08187752217054367,3363,128.66657423973083,5_I_exp32,5_I.v1.l1.ds1.l_combo9.ds_combo3.idays30.odays1,100
1,1,1,9,3,30,7,0.09162840992212296,0.09162842482328415,98.59693908691406,0.26178449392318726,3357,14.677665710449219,5_I_exp32,5_I.v1.l1.ds1.l_combo9.ds_combo3.idays30.odays7,11
1,1,1,9,3,60,1,0.08861371874809265,0.08861371874809265,98.95209503173828,0.2574141025543213,3333,14.39789867401123,5_I_exp32,5_I.v1.l1.ds1.l_combo9.ds_combo3.idays60.odays1,11
1,1,1,9,3,60,7,0.012672333978116512,0.012672334909439087,921224.4375,0.08204346150159836,3327,135.01592755317688,5_I_exp32,5_I.v1.l1.ds1.l_combo9.ds_combo3.idays60.odays7,100
1,1,1,9,4,30,1,0.024097273126244545,0.024097273126244545,39.74658966064453,0.11357458680868149,3363,126.86287498474121,5_I_exp32,5_I.v1.l1.ds1.l_combo9.ds_combo4.idays30.odays1,100
1,1,1,9,4,30,7,0.023054029792547226,0.023054027929902077,332208.0625,0.11042264103889465,3357,131.5506317615509,5_I_exp32,5_I.v1.l1.ds1.l_combo9.ds_combo4.idays30.odays7,100
1,1,1,9,4,60,1,0.022693544626235962,0.022693544626235962,32.69328308105469,0.11128544062376022,3333,129.72289538383484,5_I_exp32,5_I.v1.l1.ds1.l_combo9.ds_combo4.idays60.odays1,100
1,1,1,9,4,60,7,0.3263324499130249,0.3263324499130249,99.91419982910156,0.5418559908866882,3327,14.917975425720215,5_I_exp32,5_I.v1.l1.ds1.l_combo9.ds_combo4.idays60.odays7,11
1,1,1,10,1,30,1,0.008961202576756477,0.008961202576756477,23.57801628112793,0.0693754032254219,2062,80.03873920440674,5_I_exp32,5_I.v1.l1.ds1.l_combo10.ds_combo1.idays30.odays1,100
1,1,1,10,1,30,7,0.016353223472833633,0.016353223472833633,53431.36328125,0.09510503709316254,2056,49.925161838531494,5_I_exp32,5_I.v1.l1.ds1.l_combo10.ds_combo1.idays30.odays7,60
1,1,1,10,1,60,1,0.009735080413520336,0.009735080413520336,23.94814682006836,0.07188814878463745,2032,80.89542078971863,5_I_exp32,5_I.v1.l1.ds1.l_combo10.ds_combo1.idays60.odays1,100
1,1,1,10,1,60,7,0.015433618798851967,0.015433619730174541,88712.484375,0.09112709015607834,2026,83.31023478507996,5_I_exp32,5_I.v1.l1.ds1.l_combo10.ds_combo1.idays60.odays7,100
1,1,1,10,3,30,1,0.016021331772208214,0.016021331772208214,56.57859802246094,0.09868396818637848,2062,57.9735643863678,5_I_exp32,5_I.v1.l1.ds1.l_combo10.ds_combo3.idays30.odays1,71
1,1,1,10,3,30,7,0.023127147927880287,0.023127147927880287,973440.0625,0.1181349977850914,2056,38.95216727256775,5_I_exp32,5_I.v1.l1.ds1.l_combo10.ds_combo3.idays30.odays7,47
1,1,1,10,3,60,1,0.021125681698322296,0.021125681698322296,783826.5,0.11505202949047089,2032,16.428930044174194,5_I_exp32,5_I.v1.l1.ds1.l_combo10.ds_combo3.idays60.odays1,20
1,1,1,10,3,60,7,0.01853596419095993,0.01853596419095993,81270.8984375,0.10681475698947906,2026,44.94132089614868,5_I_exp32,5_I.v1.l1.ds1.l_combo10.ds_combo3.idays60.odays7,53
1,1,1,10,4,30,1,0.0426303893327713,0.0426303893327713,2367672.75,0.16014644503593445,2062,53.469740867614746,5_I_exp32,5_I.v1.l1.ds1.l_combo10.ds_combo4.idays30.odays1,67
1,1,1,10,4,30,7,0.04159420356154442,0.04159420356154442,1000448.4375,0.1617714911699295,2056,82.60262942314148,5_I_exp32,5_I.v1.l1.ds1.l_combo10.ds_combo4.idays30.odays7,100
1,1,1,10,4,60,1,0.23255331814289093,0.23255331814289093,100.0,0.42251309752464294,2032,9.480708360671997,5_I_exp32,5_I.v1.l1.ds1.l_combo10.ds_combo4.idays60.odays1,11
1,1,1,10,4,60,7,0.03897503763437271,0.03897503763437271,836966.9375,0.1538577824831009,2026,74.54846549034119,5_I_exp32,5_I.v1.l1.ds1.l_combo10.ds_combo4.idays60.odays7,90
1,1,1,11,1,30,1,0.019447505474090576,0.019447505474090576,28.738271713256836,0.10215985774993896,3110,118.33120536804199,5_I_exp32,5_I.v1.l1.ds1.l_combo11.ds_combo1.idays30.odays1,100
1,1,1,11,1,30,7,0.01430565770715475,0.01430565770715475,126472.9375,0.08445395529270172,3104,120.62014031410217,5_I_exp32,5_I.v1.l1.ds1.l_combo11.ds_combo1.idays30.odays7,100
1,1,1,11,1,60,1,0.006499873474240303,0.006499873474240303,16.293941497802734,0.054811470210552216,3080,120.14764738082886,5_I_exp32,5_I.v1.l1.ds1.l_combo11.ds_combo1.idays60.odays1,100
1,1,1,11,1,60,7,0.01279507763683796,0.01279507763683796,191218.046875,0.07837166637182236,3074,125.14374279975891,5_I_exp32,5_I.v1.l1.ds1.l_combo11.ds_combo1.idays60.odays7,100
1,1,1,11,3,30,1,0.01469084806740284,0.01469084806740284,88.0092544555664,0.08649548888206482,3110,37.43280100822449,5_I_exp32,5_I.v1.l1.ds1.l_combo11.ds_combo3.idays30.odays1,32
1,1,1,11,3,30,7,0.013997258618474007,0.013997260481119156,312096.15625,0.08795101195573807,3104,74.23695683479309,5_I_exp32,5_I.v1.l1.ds1.l_combo11.ds_combo3.idays30.odays7,61
1,1,1,11,3,60,1,0.014402621425688267,0.014402621425688267,25585.998046875,0.08491681516170502,3080,65.52670097351074,5_I_exp32,5_I.v1.l1.ds1.l_combo11.ds_combo3.idays60.odays1,54
1,1,1,11,3,60,7,0.015658970922231674,0.015658970922231674,268089.21875,0.09201984852552414,3074,123.705806016922,5_I_exp32,5_I.v1.l1.ds1.l_combo11.ds_combo3.idays60.odays7,100
1,1,1,11,4,30,1,0.34496888518333435,0.34496888518333435,100.0,0.5589149594306946,3110,13.270446538925171,5_I_exp32,5_I.v1.l1.ds1.l_combo11.ds_combo4.idays30.odays1,11
1,1,1,11,4,30,7,0.026815025135874748,0.0268150232732296,217683.421875,0.12259092181921005,3104,101.28143763542175,5_I_exp32,5_I.v1.l1.ds1.l_combo11.ds_combo4.idays30.odays7,83
1,1,1,11,4,60,1,0.026630252599716187,0.026630252599716187,32.34671401977539,0.12851108610630035,3080,39.620537996292114,5_I_exp32,5_I.v1.l1.ds1.l_combo11.ds_combo4.idays60.odays1,33
1,1,1,11,4,60,7,0.3435719907283783,0.3435719907283783,99.976806640625,0.5589956045150757,3074,13.924779176712036,5_I_exp32,5_I.v1.l1.ds1.l_combo11.ds_combo4.idays60.odays7,11
1,1,1,12,1,30,1,0.007635630201548338,0.007635630201548338,18.484201431274414,0.060623977333307266,3385,129.69633173942566,5_I_exp32,5_I.v1.l1.ds1.l_combo12.ds_combo1.idays30.odays1,100
1,1,1,12,1,30,7,0.014242599718272686,0.014242599718272686,150633.640625,0.08535399287939072,3379,130.91190576553345,5_I_exp32,5_I.v1.l1.ds1.l_combo12.ds_combo1.idays30.odays7,100
1,1,1,12,1,60,1,0.008749516680836678,0.008749516680836678,22.223552703857422,0.06861623376607895,3355,87.00164818763733,5_I_exp32,5_I.v1.l1.ds1.l_combo12.ds_combo1.idays60.odays1,67
1,1,1,12,1,60,7,0.017382660880684853,0.017382660880684853,59593.265625,0.0976000428199768,3349,136.21624970436096,5_I_exp32,5_I.v1.l1.ds1.l_combo12.ds_combo1.idays60.odays7,100
1,1,1,12,3,30,1,0.012679378502070904,0.012679378502070904,144398.296875,0.07952836900949478,3385,88.62026405334473,5_I_exp32,5_I.v1.l1.ds1.l_combo12.ds_combo3.idays30.odays1,69
1,1,1,12,3,30,7,0.014070809818804264,0.014070810750126839,82565.828125,0.08827558904886246,3379,55.73146724700928,5_I_exp32,5_I.v1.l1.ds1.l_combo12.ds_combo3.idays30.odays7,42
1,1,1,12,3,60,1,0.012022987939417362,0.012022987939417362,397214.96875,0.08317621797323227,3355,89.51072382926941,5_I_exp32,5_I.v1.l1.ds1.l_combo12.ds_combo3.idays60.odays1,68
1,1,1,12,3,60,7,0.013873258605599403,0.013873258605599403,45281.1875,0.08637423068284988,3349,134.1620855331421,5_I_exp32,5_I.v1.l1.ds1.l_combo12.ds_combo3.idays60.odays7,100
1,1,1,12,4,30,1,0.3616826832294464,0.3616826832294464,100.0,0.5732479691505432,3385,14.574833631515503,5_I_exp32,5_I.v1.l1.ds1.l_combo12.ds_combo4.idays30.odays1,11
1,1,1,12,4,30,7,0.36466020345687866,0.36466023325920105,99.91546630859375,0.5749254822731018,3379,14.784497499465942,5_I_exp32,5_I.v1.l1.ds1.l_combo12.ds_combo4.idays30.odays7,11
1,1,1,12,4,60,1,0.028097141534090042,0.028097141534090042,41.23281478881836,0.1270586997270584,3355,37.80790710449219,5_I_exp32,5_I.v1.l1.ds1.l_combo12.ds_combo4.idays60.odays1,29
1,1,1,12,4,60,7,0.02952001802623272,0.02952001802623272,228417.78125,0.13019408285617828,3349,54.08598232269287,5_I_exp32,5_I.v1.l1.ds1.l_combo12.ds_combo4.idays60.odays7,40
1,1,1,13,1,30,1,0.009009184315800667,0.009009184315800667,24.620864868164062,0.06880782544612885,3377,108.55740785598755,5_I_exp32,5_I.v1.l1.ds1.l_combo13.ds_combo1.idays30.odays1,86
1,1,1,13,1,30,7,0.014394178986549377,0.014394181780517101,119825.71875,0.08645271509885788,3371,131.76222801208496,5_I_exp32,5_I.v1.l1.ds1.l_combo13.ds_combo1.idays30.odays7,100
1,1,1,13,1,60,1,0.007147536147385836,0.007147536147385836,302116.4375,0.058559879660606384,3347,130.2825801372528,5_I_exp32,5_I.v1.l1.ds1.l_combo13.ds_combo1.idays60.odays1,100
1,1,1,13,1,60,7,0.014490817673504353,0.014490817673504353,98791.1171875,0.08713022619485855,3341,133.84794735908508,5_I_exp32,5_I.v1.l1.ds1.l_combo13.ds_combo1.idays60.odays7,100
1,1,1,13,3,30,1,0.015312603674829006,0.015312603674829006,53.29209518432617,0.08920371532440186,3377,77.46287059783936,5_I_exp32,5_I.v1.l1.ds1.l_combo13.ds_combo3.idays30.odays1,61
1,1,1,13,3,30,7,0.016111718490719795,0.016111718490719795,28797.669921875,0.09694353491067886,3371,131.7819857597351,5_I_exp32,5_I.v1.l1.ds1.l_combo13.ds_combo3.idays30.odays7,100
1,1,1,13,3,60,1,0.016317253932356834,0.016317253932356834,547514.8125,0.09493736177682877,3347,70.01148390769958,5_I_exp32,5_I.v1.l1.ds1.l_combo13.ds_combo3.idays60.odays1,53
1,1,1,13,3,60,7,0.016446789726614952,0.016446789726614952,114646.6953125,0.09911501407623291,3341,134.14040613174438,5_I_exp32,5_I.v1.l1.ds1.l_combo13.ds_combo3.idays60.odays7,100
1,1,1,13,4,30,1,0.03554951772093773,0.03554951772093773,693605.875,0.14782977104187012,3377,71.22992825508118,5_I_exp32,5_I.v1.l1.ds1.l_combo13.ds_combo4.idays30.odays1,56
1,1,1,13,4,30,7,0.03427182883024216,0.03427182510495186,386035.53125,0.14412125945091248,3371,131.3825318813324,5_I_exp32,5_I.v1.l1.ds1.l_combo13.ds_combo4.idays30.odays7,98
1,1,1,13,4,60,1,0.25282058119773865,0.25282058119773865,100.0,0.46258658170700073,3347,14.622113227844238,5_I_exp32,5_I.v1.l1.ds1.l_combo13.ds_combo4.idays60.odays1,11
1,1,1,13,4,60,7,0.0362870953977108,0.0362870916724205,599948.3125,0.14949066936969757,3341,27.368435859680176,5_I_exp32,5_I.v1.l1.ds1.l_combo13.ds_combo4.idays60.odays7,20
1,1,1,14,1,30,1,0.008022462017834187,0.008022462017834187,14160.751953125,0.06360459327697754,3385,131.70035576820374,5_I_exp32,5_I.v1.l1.ds1.l_combo14.ds_combo1.idays30.odays1,100
1,1,1,14,1,30,7,0.014740519225597382,0.014740517362952232,37241.30859375,0.0865761786699295,3379,132.46691942214966,5_I_exp32,5_I.v1.l1.ds1.l_combo14.ds_combo1.idays30.odays7,100
1,1,1,14,1,60,1,0.007514609955251217,0.007514609955251217,204888.03125,0.061063557863235474,3355,130.77652502059937,5_I_exp32,5_I.v1.l1.ds1.l_combo14.ds_combo1.idays60.odays1,100
1,1,1,14,1,60,7,0.014116231352090836,0.01411623228341341,63587.9453125,0.08594658225774765,3349,126.08342361450195,5_I_exp32,5_I.v1.l1.ds1.l_combo14.ds_combo1.idays60.odays7,92
1,1,1,14,3,30,1,0.011594496667385101,0.011594496667385101,64.2001724243164,0.08130883425474167,3385,76.37627482414246,5_I_exp32,5_I.v1.l1.ds1.l_combo14.ds_combo3.idays30.odays1,59
1,1,1,14,3,30,7,0.014957735314965248,0.014957734383642673,119703.7109375,0.091581791639328,3379,132.1416952610016,5_I_exp32,5_I.v1.l1.ds1.l_combo14.ds_combo3.idays30.odays7,100
1,1,1,14,3,60,1,0.012216304428875446,0.012216304428875446,58396.5546875,0.08120602369308472,3355,99.3366916179657,5_I_exp32,5_I.v1.l1.ds1.l_combo14.ds_combo3.idays60.odays1,75
1,1,1,14,3,60,7,0.013732743449509144,0.01373274251818657,120445.515625,0.08788073807954788,3349,134.62043809890747,5_I_exp32,5_I.v1.l1.ds1.l_combo14.ds_combo3.idays60.odays7,100
1,1,1,14,4,30,1,0.0334634967148304,0.0334634967148304,43.47614288330078,0.14657585322856903,3385,49.221758127212524,5_I_exp32,5_I.v1.l1.ds1.l_combo14.ds_combo4.idays30.odays1,38
1,1,1,14,4,30,7,0.031033575534820557,0.031033571809530258,391808.9375,0.13918080925941467,3379,51.4419481754303,5_I_exp32,5_I.v1.l1.ds1.l_combo14.ds_combo4.idays30.odays7,38
1,1,1,14,4,60,1,0.029742587357759476,0.029742587357759476,61.11534881591797,0.13425929844379425,3355,34.99546003341675,5_I_exp32,5_I.v1.l1.ds1.l_combo14.ds_combo4.idays60.odays1,27
1,1,1,14,4,60,7,0.03189802169799805,0.03189801797270775,47.653106689453125,0.14131246507167816,3349,134.17932891845703,5_I_exp32,5_I.v1.l1.ds1.l_combo14.ds_combo4.idays60.odays7,100
1,1,1,0,1,30,1,0.008724167011678219,0.008724167011678219,24.1238956451416,0.06825819611549377,3287,121.77316546440125,5_I_exp64,5_I.v1.l1.ds1.l_combo0.ds_combo1.idays30.odays1,96
1,1,1,0,1,30,7,0.016118738800287247,0.016118740662932396,116903.796875,0.09323956072330475,3281,128.40018892288208,5_I_exp64,5_I.v1.l1.ds1.l_combo0.ds_combo1.idays30.odays7,100
1,1,1,0,1,60,1,0.015940098091959953,0.015940098091959953,159150.421875,0.09626847505569458,3257,127.23711133003235,5_I_exp64,5_I.v1.l1.ds1.l_combo0.ds_combo1.idays60.odays1,100
1,1,1,0,1,60,7,0.01448054239153862,0.01448054239153862,50457.48828125,0.0873064324259758,3251,130.74950861930847,5_I_exp64,5_I.v1.l1.ds1.l_combo0.ds_combo1.idays60.odays7,100
1,1,1,0,3,30,1,0.012713848613202572,0.012713848613202572,120589.1796875,0.089043028652668,3287,60.21896767616272,5_I_exp64,5_I.v1.l1.ds1.l_combo0.ds_combo3.idays30.odays1,48
1,1,1,0,3,30,7,0.018221445381641388,0.018221447244286537,135855.984375,0.10362635552883148,3281,129.09286189079285,5_I_exp64,5_I.v1.l1.ds1.l_combo0.ds_combo3.idays30.odays7,100
1,1,1,0,3,60,1,0.016182316467165947,0.016182316467165947,131417.359375,0.09928788989782333,3257,50.86528778076172,5_I_exp64,5_I.v1.l1.ds1.l_combo0.ds_combo3.idays60.odays1,39
1,1,1,0,3,60,7,0.01718488708138466,0.01718488708138466,152296.828125,0.10061277449131012,3251,100.38358640670776,5_I_exp64,5_I.v1.l1.ds1.l_combo0.ds_combo3.idays60.odays7,76
1,1,1,0,4,30,1,0.029329534620046616,0.029329534620046616,66.69666290283203,0.134222149848938,3287,24.093204259872437,5_I_exp64,5_I.v1.l1.ds1.l_combo0.ds_combo4.idays30.odays1,19
1,1,1,0,4,30,7,0.034588754177093506,0.034588757902383804,1102311.375,0.14007526636123657,3281,39.62575936317444,5_I_exp64,5_I.v1.l1.ds1.l_combo0.ds_combo4.idays30.odays7,31
1,1,1,0,4,60,1,0.037486135959625244,0.037486135959625244,60.91999816894531,0.1544775515794754,3257,34.54490947723389,5_I_exp64,5_I.v1.l1.ds1.l_combo0.ds_combo4.idays60.odays1,27
1,1,1,0,4,60,7,0.31829097867012024,0.31829094886779785,99.84662628173828,0.5220438241958618,3251,14.912986755371094,5_I_exp64,5_I.v1.l1.ds1.l_combo0.ds_combo4.idays60.odays7,11
1,1,1,1,1,30,1,0.007346062455326319,0.007346062455326319,22.643844604492188,0.06297360360622406,3337,105.84235405921936,5_I_exp64,5_I.v1.l1.ds1.l_combo1.ds_combo1.idays30.odays1,84
1,1,1,1,1,30,7,0.01650024950504303,0.01650025136768818,149490.875,0.0934455469250679,3331,100.14251255989075,5_I_exp64,5_I.v1.l1.ds1.l_combo1.ds_combo1.idays30.odays7,77
1,1,1,1,1,60,1,0.009095430374145508,0.009095430374145508,22.8157901763916,0.06737397611141205,3307,103.22502160072327,5_I_exp64,5_I.v1.l1.ds1.l_combo1.ds_combo1.idays60.odays1,79
1,1,1,1,1,60,7,0.015351487323641777,0.015351489186286926,151183.53125,0.08994556963443756,3301,132.11699151992798,5_I_exp64,5_I.v1.l1.ds1.l_combo1.ds_combo1.idays60.odays7,100
1,1,1,1,3,30,1,0.01440919004380703,0.01440919004380703,156047.5,0.09129083901643753,2706,51.84638857841492,5_I_exp64,5_I.v1.l1.ds1.l_combo1.ds_combo3.idays30.odays1,50
1,1,1,1,3,30,7,0.019507214426994324,0.019507216289639473,69052.9609375,0.10782526433467865,2700,46.82705616950989,5_I_exp64,5_I.v1.l1.ds1.l_combo1.ds_combo3.idays30.odays7,43
1,1,1,1,3,60,1,0.021499626338481903,0.021499626338481903,49.61579513549805,0.10957042127847672,2676,104.23258090019226,5_I_exp64,5_I.v1.l1.ds1.l_combo1.ds_combo3.idays60.odays1,100
1,1,1,1,3,60,7,0.01809450425207615,0.018094506114721298,70212.265625,0.1050107330083847,2670,45.026581048965454,5_I_exp64,5_I.v1.l1.ds1.l_combo1.ds_combo3.idays60.odays7,41
1,1,1,1,4,30,1,0.033824656158685684,0.033824656158685684,898374.625,0.14591439068317413,3337,115.03986763954163,5_I_exp64,5_I.v1.l1.ds1.l_combo1.ds_combo4.idays30.odays1,89
1,1,1,1,4,30,7,0.033224690705537796,0.033224690705537796,683140.1875,0.14499373733997345,3331,72.34153604507446,5_I_exp64,5_I.v1.l1.ds1.l_combo1.ds_combo4.idays30.odays7,56
1,1,1,1,4,60,1,0.030431998893618584,0.030431998893618584,44.67345428466797,0.13789956271648407,3307,73.71512198448181,5_I_exp64,5_I.v1.l1.ds1.l_combo1.ds_combo4.idays60.odays1,57
1,1,1,1,4,60,7,0.03340507298707962,0.03340506926178932,403341.71875,0.14427775144577026,3301,41.239951610565186,5_I_exp64,5_I.v1.l1.ds1.l_combo1.ds_combo4.idays60.odays7,30
1,1,1,2,1,30,1,0.008210571482777596,0.008210571482777596,20.961185455322266,0.06477896124124527,3272,103.32342314720154,5_I_exp64,5_I.v1.l1.ds1.l_combo2.ds_combo1.idays30.odays1,83
1,1,1,2,1,30,7,0.01675051636993885,0.016750518232584,130885.0859375,0.0950009897351265,3266,47.74813508987427,5_I_exp64,5_I.v1.l1.ds1.l_combo2.ds_combo1.idays30.odays7,37
1,1,1,2,1,60,1,0.0076482854783535,0.0076482854783535,20.329879760742188,0.06367617100477219,3242,127.50489592552185,5_I_exp64,5_I.v1.l1.ds1.l_combo2.ds_combo1.idays60.odays1,100
1,1,1,2,1,60,7,0.014529398642480373,0.014529397711157799,165781.53125,0.0882226973772049,3236,130.07059717178345,5_I_exp64,5_I.v1.l1.ds1.l_combo2.ds_combo1.idays60.odays7,100
1,1,1,2,3,30,1,0.014622381888329983,0.014622381888329983,57.221805572509766,0.09225326776504517,3272,36.180628299713135,5_I_exp64,5_I.v1.l1.ds1.l_combo2.ds_combo3.idays30.odays1,29
1,1,1,2,3,30,7,0.014810904860496521,0.014810902997851372,104283.015625,0.09422817826271057,3266,130.45214223861694,5_I_exp64,5_I.v1.l1.ds1.l_combo2.ds_combo3.idays30.odays7,100
1,1,1,2,3,60,1,0.012560524977743626,0.012560524977743626,206009.109375,0.08642809092998505,3242,118.30071210861206,5_I_exp64,5_I.v1.l1.ds1.l_combo2.ds_combo3.idays60.odays1,95
1,1,1,2,3,60,7,0.013239791616797447,0.013239791616797447,209360.078125,0.0887647420167923,3236,130.42309165000916,5_I_exp64,5_I.v1.l1.ds1.l_combo2.ds_combo3.idays60.odays7,100
1,1,1,2,4,30,1,0.026088042184710503,0.026088042184710503,34.859256744384766,0.13027994334697723,3272,21.72402596473694,5_I_exp64,5_I.v1.l1.ds1.l_combo2.ds_combo4.idays30.odays1,17
1,1,1,2,4,30,7,0.02444315515458584,0.02444315515458584,222433.046875,0.12286170572042465,3266,70.23674130439758,5_I_exp64,5_I.v1.l1.ds1.l_combo2.ds_combo4.idays30.odays7,55
1,1,1,2,4,60,1,0.02524828352034092,0.02524828352034092,41.51793670654297,0.12483107298612595,3242,63.203439474105835,5_I_exp64,5_I.v1.l1.ds1.l_combo2.ds_combo4.idays60.odays1,50
1,1,1,2,4,60,7,0.3377881348133087,0.3377881646156311,100.0,0.5451987981796265,3236,14.525641918182373,5_I_exp64,5_I.v1.l1.ds1.l_combo2.ds_combo4.idays60.odays7,11
1,1,1,3,1,30,1,0.008756325580179691,0.008756325580179691,28804.66015625,0.06483288109302521,3389,129.25911664962769,5_I_exp64,5_I.v1.l1.ds1.l_combo3.ds_combo1.idays30.odays1,100
1,1,1,3,1,30,7,0.01478596031665802,0.014785959385335445,98693.3359375,0.08795496076345444,3383,134.64761114120483,5_I_exp64,5_I.v1.l1.ds1.l_combo3.ds_combo1.idays30.odays7,100
1,1,1,3,1,60,1,0.007987250573933125,0.007987250573933125,20.368148803710938,0.06292010098695755,3359,112.45498132705688,5_I_exp64,5_I.v1.l1.ds1.l_combo3.ds_combo1.idays60.odays1,87
1,1,1,3,1,60,7,0.013719341717660427,0.013719341717660427,82265.5625,0.08424872159957886,3353,135.16380143165588,5_I_exp64,5_I.v1.l1.ds1.l_combo3.ds_combo1.idays60.odays7,100
1,1,1,3,3,30,1,0.01414822693914175,0.01414822693914175,180010.140625,0.0894838497042656,3389,30.52710795402527,5_I_exp64,5_I.v1.l1.ds1.l_combo3.ds_combo3.idays30.odays1,23
1,1,1,3,3,30,7,0.014809506945312023,0.014809508807957172,189401.96875,0.09121116250753403,3383,133.30052995681763,5_I_exp64,5_I.v1.l1.ds1.l_combo3.ds_combo3.idays30.odays7,100
1,1,1,3,3,60,1,0.014388609677553177,0.014388609677553177,185562.125,0.08978768438100815,3359,54.9777729511261,5_I_exp64,5_I.v1.l1.ds1.l_combo3.ds_combo3.idays60.odays1,42
1,1,1,3,3,60,7,0.0153593635186553,0.015359366312623024,238167.890625,0.09279954433441162,3353,87.71850490570068,5_I_exp64,5_I.v1.l1.ds1.l_combo3.ds_combo3.idays60.odays7,64
1,1,1,3,4,30,1,0.33177897334098816,0.33177897334098816,100.0,0.5443374514579773,3389,14.310668706893921,5_I_exp64,5_I.v1.l1.ds1.l_combo3.ds_combo4.idays30.odays1,11
1,1,1,3,4,30,7,0.02719680778682232,0.02719680778682232,46.25331115722656,0.12918823957443237,3383,72.2608289718628,5_I_exp64,5_I.v1.l1.ds1.l_combo3.ds_combo4.idays30.odays7,54
1,1,1,3,4,60,1,0.3281368315219879,0.3281368315219879,100.0,0.5384648442268372,3359,14.563523530960083,5_I_exp64,5_I.v1.l1.ds1.l_combo3.ds_combo4.idays60.odays1,11
1,1,1,3,4,60,7,0.030320340767502785,0.030320338904857635,633312.0625,0.1388719379901886,3353,39.29866147041321,5_I_exp64,5_I.v1.l1.ds1.l_combo3.ds_combo4.idays60.odays7,29
1,1,1,4,1,30,1,0.022055501118302345,0.022055501118302345,31.935115814208984,0.11413928866386414,3378,127.82082653045654,5_I_exp64,5_I.v1.l1.ds1.l_combo4.ds_combo1.idays30.odays1,100
1,1,1,4,1,30,7,0.014730634167790413,0.014730632305145264,103406.1953125,0.09015708416700363,3372,77.73099851608276,5_I_exp64,5_I.v1.l1.ds1.l_combo4.ds_combo1.idays30.odays7,59
1,1,1,4,1,60,1,0.007722223177552223,0.007722223177552223,18.525426864624023,0.061755940318107605,3348,127.6331615447998,5_I_exp64,5_I.v1.l1.ds1.l_combo4.ds_combo1.idays60.odays1,98
1,1,1,4,1,60,7,0.01391661074012518,0.01391661074012518,103211.7109375,0.08622638136148453,3342,84.5919246673584,5_I_exp64,5_I.v1.l1.ds1.l_combo4.ds_combo1.idays60.odays7,62
1,1,1,4,3,30,1,0.011691538617014885,0.011691538617014885,1255945.5,0.08304157853126526,3378,41.731008768081665,5_I_exp64,5_I.v1.l1.ds1.l_combo4.ds_combo3.idays30.odays1,33
1,1,1,4,3,30,7,0.014607607387006283,0.014607609249651432,2338018.0,0.09234626591205597,3372,131.52320051193237,5_I_exp64,5_I.v1.l1.ds1.l_combo4.ds_combo3.idays30.odays7,100
1,1,1,4,3,60,1,0.01313952449709177,0.01313952449709177,2098258.0,0.08607367426156998,3348,98.72066116333008,5_I_exp64,5_I.v1.l1.ds1.l_combo4.ds_combo3.idays60.odays1,75
1,1,1,4,3,60,7,0.014732826501131058,0.014732827432453632,2174527.0,0.09110955148935318,3342,133.0775809288025,5_I_exp64,5_I.v1.l1.ds1.l_combo4.ds_combo3.idays60.odays7,100
1,1,1,4,4,30,1,0.03531070426106453,0.03531070426106453,56.38813400268555,0.1501581072807312,3378,34.47509431838989,5_I_exp64,5_I.v1.l1.ds1.l_combo4.ds_combo4.idays30.odays1,27
1,1,1,4,4,30,7,0.03904271498322487,0.03904271498322487,477958.125,0.15792697668075562,3372,51.79766225814819,5_I_exp64,5_I.v1.l1.ds1.l_combo4.ds_combo4.idays30.odays7,39
1,1,1,4,4,60,1,0.03432625159621239,0.03432625159621239,881059.9375,0.14547811448574066,3348,48.34906482696533,5_I_exp64,5_I.v1.l1.ds1.l_combo4.ds_combo4.idays60.odays1,37
1,1,1,4,4,60,7,0.03939821571111679,0.03939822316169739,838672.125,0.1578352302312851,3342,43.34216856956482,5_I_exp64,5_I.v1.l1.ds1.l_combo4.ds_combo4.idays60.odays7,32
1,1,1,5,1,30,1,0.0076757376082241535,0.0076757376082241535,19.60597801208496,0.06175253912806511,3390,84.2842149734497,5_I_exp64,5_I.v1.l1.ds1.l_combo5.ds_combo1.idays30.odays1,64
1,1,1,5,1,30,7,0.014422518201172352,0.014422516338527203,66078.796875,0.08668699115514755,3384,133.9960741996765,5_I_exp64,5_I.v1.l1.ds1.l_combo5.ds_combo1.idays30.odays7,100
1,1,1,5,1,60,1,0.008277018554508686,0.008277018554508686,21.048946380615234,0.06571049988269806,3360,130.83562874794006,5_I_exp64,5_I.v1.l1.ds1.l_combo5.ds_combo1.idays60.odays1,100
1,1,1,5,1,60,7,0.013910073786973953,0.013910072855651379,93075.7734375,0.0864984318614006,3354,134.23578715324402,5_I_exp64,5_I.v1.l1.ds1.l_combo5.ds_combo1.idays60.odays7,100
1,1,1,5,3,30,1,0.013485046103596687,0.013485046103596687,309890.9375,0.08722788095474243,3390,92.94410705566406,5_I_exp64,5_I.v1.l1.ds1.l_combo5.ds_combo3.idays30.odays1,72
1,1,1,5,3,30,7,0.015373947098851204,0.015373948961496353,67957.1171875,0.09459877014160156,3384,45.79975080490112,5_I_exp64,5_I.v1.l1.ds1.l_combo5.ds_combo3.idays30.odays7,34
1,1,1,5,3,60,1,0.013596992008388042,0.013596992008388042,451573.4375,0.08991090208292007,3360,57.2085280418396,5_I_exp64,5_I.v1.l1.ds1.l_combo5.ds_combo3.idays60.odays1,44
1,1,1,5,3,60,7,0.015752799808979034,0.015752797946333885,263118.53125,0.09517566859722137,3354,134.57331085205078,5_I_exp64,5_I.v1.l1.ds1.l_combo5.ds_combo3.idays60.odays7,100
1,1,1,5,4,30,1,0.05931702256202698,0.05931702256202698,791637.375,0.19834357500076294,3390,58.942819118499756,5_I_exp64,5_I.v1.l1.ds1.l_combo5.ds_combo4.idays30.odays1,45
1,1,1,5,4,30,7,0.3572264015674591,0.35722634196281433,99.81036376953125,0.5456678867340088,3384,14.953401327133179,5_I_exp64,5_I.v1.l1.ds1.l_combo5.ds_combo4.idays30.odays7,11
1,1,1,5,4,60,1,0.3582908809185028,0.3582908809185028,99.70237731933594,0.5422570109367371,3360,14.584407329559326,5_I_exp64,5_I.v1.l1.ds1.l_combo5.ds_combo4.idays60.odays1,11
1,1,1,5,4,60,7,0.05760211497545242,0.05760211870074272,1484601.0,0.19374236464500427,3354,136.35468745231628,5_I_exp64,5_I.v1.l1.ds1.l_combo5.ds_combo4.idays60.odays7,100
1,1,1,6,1,30,1,0.007847106084227562,0.007847106084227562,16.033449172973633,0.05819665268063545,3392,127.60731267929077,5_I_exp64,5_I.v1.l1.ds1.l_combo6.ds_combo1.idays30.odays1,99
1,1,1,6,1,30,7,0.014263099990785122,0.014263099990785122,169591.109375,0.0835237056016922,3386,100.44102716445923,5_I_exp64,5_I.v1.l1.ds1.l_combo6.ds_combo1.idays30.odays7,75
1,1,1,6,1,60,1,0.006872032769024372,0.006872032769024372,17.493322372436523,0.056852057576179504,3362,132.64922189712524,5_I_exp64,5_I.v1.l1.ds1.l_combo6.ds_combo1.idays60.odays1,100
1,1,1,6,1,60,7,0.012664749287068844,0.01266474835574627,25714.0625,0.07924873381853104,3356,135.27162957191467,5_I_exp64,5_I.v1.l1.ds1.l_combo6.ds_combo1.idays60.odays7,100
1,1,1,7,1,30,1,0.0075939311645925045,0.0075939311645925045,21.095518112182617,0.0633331909775734,2629,63.01475811004639,5_I_exp64,5_I.v1.l1.ds1.l_combo7.ds_combo1.idays30.odays1,62
1,1,1,7,1,30,7,0.01765046827495098,0.01765047200024128,153193.453125,0.09551143646240234,2623,42.63832378387451,5_I_exp64,5_I.v1.l1.ds1.l_combo7.ds_combo1.idays30.odays7,41
1,1,1,7,1,60,1,0.012860684655606747,0.012860684655606747,24.980159759521484,0.07987827807664871,2599,101.11591482162476,5_I_exp64,5_I.v1.l1.ds1.l_combo7.ds_combo1.idays60.odays1,100
1,1,1,7,1,60,7,0.014289439655840397,0.014289439655840397,107414.0234375,0.08823038637638092,2593,67.4158387184143,5_I_exp64,5_I.v1.l1.ds1.l_combo7.ds_combo1.idays60.odays7,64
1,1,1,7,3,30,1,0.013910243287682533,0.013910243287682533,58.23468017578125,0.08797440677881241,2629,80.17008018493652,5_I_exp64,5_I.v1.l1.ds1.l_combo7.ds_combo3.idays30.odays1,79
1,1,1,7,3,30,7,0.015255440026521683,0.015255439095199108,364479.5,0.08937213569879532,2623,101.88493943214417,5_I_exp64,5_I.v1.l1.ds1.l_combo7.ds_combo3.idays30.odays7,100
1,1,1,7,3,60,1,0.014866837300360203,0.014866837300360203,57.03575897216797,0.09065145999193192,2599,75.21451330184937,5_I_exp64,5_I.v1.l1.ds1.l_combo7.ds_combo3.idays60.odays1,74
1,1,1,7,3,60,7,0.014325086027383804,0.014325086027383804,237695.390625,0.08763331919908524,2593,107.14803910255432,5_I_exp64,5_I.v1.l1.ds1.l_combo7.ds_combo3.idays60.odays7,100
1,1,1,7,4,30,1,0.26246577501296997,0.26246577501296997,100.0,0.46470320224761963,2629,11.263910293579102,5_I_exp64,5_I.v1.l1.ds1.l_combo7.ds_combo4.idays30.odays1,11
1,1,1,7,4,30,7,0.03358161076903343,0.03358161449432373,929669.5,0.13433435559272766,2623,103.53107404708862,5_I_exp64,5_I.v1.l1.ds1.l_combo7.ds_combo4.idays30.odays7,100
1,1,1,7,4,60,1,0.04059969633817673,0.04059969633817673,1053518.375,0.16682341694831848,2599,21.104650020599365,5_I_exp64,5_I.v1.l1.ds1.l_combo7.ds_combo4.idays60.odays1,20
1,1,1,7,4,60,7,0.26150450110435486,0.26150453090667725,99.9175796508789,0.4590991139411926,2593,11.872719049453735,5_I_exp64,5_I.v1.l1.ds1.l_combo7.ds_combo4.idays60.odays7,11
1,1,1,8,1,30,1,0.006912655662745237,0.006912655662745237,17.517332077026367,0.056556861847639084,3357,127.39788293838501,5_I_exp64,5_I.v1.l1.ds1.l_combo8.ds_combo1.idays30.odays1,100
1,1,1,8,1,30,7,0.014859904535114765,0.014859906397759914,110081.0859375,0.08470477908849716,3351,122.23313570022583,5_I_exp64,5_I.v1.l1.ds1.l_combo8.ds_combo1.idays30.odays7,92
1,1,1,8,1,60,1,0.00796921830624342,0.00796921830624342,18.6364688873291,0.06257116049528122,3327,128.40610074996948,5_I_exp64,5_I.v1.l1.ds1.l_combo8.ds_combo1.idays60.odays1,100
1,1,1,8,1,60,7,0.01441594585776329,0.014415946789085865,79571.484375,0.08418914675712585,3321,82.78119564056396,5_I_exp64,5_I.v1.l1.ds1.l_combo8.ds_combo1.idays60.odays7,62
1,1,1,8,3,30,1,0.011201990768313408,0.011201990768313408,85506.2109375,0.07926387339830399,2598,29.58649492263794,5_I_exp64,5_I.v1.l1.ds1.l_combo8.ds_combo3.idays30.odays1,29
1,1,1,8,3,30,7,0.01329405140131712,0.01329405140131712,16789.951171875,0.08670470118522644,2592,103.64271140098572,5_I_exp64,5_I.v1.l1.ds1.l_combo8.ds_combo3.idays30.odays7,100
1,1,1,8,3,60,1,0.0122884726151824,0.0122884726151824,111012.0234375,0.08194462954998016,2568,46.284292459487915,5_I_exp64,5_I.v1.l1.ds1.l_combo8.ds_combo3.idays60.odays1,46
1,1,1,8,3,60,7,0.01235502865165472,0.012355029582977295,101760.1796875,0.08436353504657745,2562,41.85515213012695,5_I_exp64,5_I.v1.l1.ds1.l_combo8.ds_combo3.idays60.odays7,40
1,1,1,8,4,30,1,0.03268606588244438,0.03268606588244438,764880.5,0.1388927847146988,3357,40.86206865310669,5_I_exp64,5_I.v1.l1.ds1.l_combo8.ds_combo4.idays30.odays1,32
1,1,1,8,4,30,7,0.03132405877113342,0.03132405877113342,239242.5625,0.13222581148147583,3351,131.5486044883728,5_I_exp64,5_I.v1.l1.ds1.l_combo8.ds_combo4.idays30.odays7,100
1,1,1,8,4,60,1,0.37786635756492615,0.37786635756492615,100.0,0.5725780725479126,3327,14.793668985366821,5_I_exp64,5_I.v1.l1.ds1.l_combo8.ds_combo4.idays60.odays1,11
1,1,1,8,4,60,7,0.036644015461206436,0.036644019186496735,138183.359375,0.14782316982746124,3321,56.351956605911255,5_I_exp64,5_I.v1.l1.ds1.l_combo8.ds_combo4.idays60.odays7,42
1,1,1,9,1,30,1,0.009984594769775867,0.009984594769775867,94671.0,0.07235489785671234,3389,129.29308700561523,5_I_exp64,5_I.v1.l1.ds1.l_combo9.ds_combo1.idays30.odays1,100
1,1,1,9,1,30,7,0.01334164384752512,0.013341644778847694,71858.875,0.08227062225341797,3383,134.69215965270996,5_I_exp64,5_I.v1.l1.ds1.l_combo9.ds_combo1.idays30.odays7,100
1,1,1,9,1,60,1,0.02116275578737259,0.02116275578737259,220317.046875,0.11080925911664963,3359,61.587502241134644,5_I_exp64,5_I.v1.l1.ds1.l_combo9.ds_combo1.idays60.odays1,47
1,1,1,9,1,60,7,0.01468120887875557,0.014681210741400719,160673.828125,0.0865563228726387,3353,134.51170015335083,5_I_exp64,5_I.v1.l1.ds1.l_combo9.ds_combo1.idays60.odays7,100
1,1,1,9,3,30,1,0.010616225190460682,0.010616225190460682,503803.59375,0.07661449164152145,3363,128.17461347579956,5_I_exp64,5_I.v1.l1.ds1.l_combo9.ds_combo3.idays30.odays1,100
1,1,1,9,3,30,7,0.08985637128353119,0.08985636383295059,98.80952453613281,0.25877633690834045,3357,14.843759298324585,5_I_exp64,5_I.v1.l1.ds1.l_combo9.ds_combo3.idays30.odays7,11
1,1,1,9,3,60,1,0.08694124221801758,0.08694124221801758,98.3532943725586,0.2480458915233612,3333,14.609339475631714,5_I_exp64,5_I.v1.l1.ds1.l_combo9.ds_combo3.idays60.odays1,11
1,1,1,9,3,60,7,0.012610403820872307,0.012610403820872307,307813.46875,0.08169279992580414,3327,132.37544989585876,5_I_exp64,5_I.v1.l1.ds1.l_combo9.ds_combo3.idays60.odays7,100
1,1,1,9,4,30,1,0.023282207548618317,0.023282207548618317,43.610069274902344,0.11324704438447952,3363,91.57740306854248,5_I_exp64,5_I.v1.l1.ds1.l_combo9.ds_combo4.idays30.odays1,72
1,1,1,9,4,30,7,0.023605110123753548,0.023605110123753548,456714.71875,0.11304953694343567,3357,89.54478168487549,5_I_exp64,5_I.v1.l1.ds1.l_combo9.ds_combo4.idays30.odays7,68
1,1,1,9,4,60,1,0.02217973582446575,0.02217973582446575,38.569705963134766,0.10913758724927902,3333,65.0749146938324,5_I_exp64,5_I.v1.l1.ds1.l_combo9.ds_combo4.idays60.odays1,51
1,1,1,9,4,60,7,0.31963545083999634,0.3196354806423187,99.95709991455078,0.5360082983970642,3327,14.902284145355225,5_I_exp64,5_I.v1.l1.ds1.l_combo9.ds_combo4.idays60.odays7,11
1,1,1,10,1,30,1,0.011490670032799244,0.011490670032799244,429145.34375,0.07627957314252853,2062,74.77581810951233,5_I_exp64,5_I.v1.l1.ds1.l_combo10.ds_combo1.idays30.odays1,93
1,1,1,10,1,30,7,0.01690826565027237,0.01690826565027237,33.84747314453125,0.09554088860750198,2056,47.21081495285034,5_I_exp64,5_I.v1.l1.ds1.l_combo10.ds_combo1.idays30.odays7,57
1,1,1,10,1,60,1,0.009544582106173038,0.009544582106173038,22.710010528564453,0.07083830237388611,2032,80.56025409698486,5_I_exp64,5_I.v1.l1.ds1.l_combo10.ds_combo1.idays60.odays1,100
1,1,1,10,1,60,7,0.015492950566112995,0.01549295149743557,62930.01953125,0.09304022789001465,2026,48.38490319252014,5_I_exp64,5_I.v1.l1.ds1.l_combo10.ds_combo1.idays60.odays7,57
1,1,1,10,3,30,1,0.016134843230247498,0.016134843230247498,75.4613265991211,0.09930453449487686,2062,49.4119336605072,5_I_exp64,5_I.v1.l1.ds1.l_combo10.ds_combo3.idays30.odays1,62
1,1,1,10,3,30,7,0.021883051842451096,0.021883051842451096,285961.09375,0.11398700624704361,2056,19.283142566680908,5_I_exp64,5_I.v1.l1.ds1.l_combo10.ds_combo3.idays30.odays7,23
1,1,1,10,3,60,1,0.02159128151834011,0.02159128151834011,94.25509643554688,0.11408443748950958,2032,15.841075897216797,5_I_exp64,5_I.v1.l1.ds1.l_combo10.ds_combo3.idays60.odays1,19
1,1,1,10,3,60,7,0.020089952275156975,0.020089954137802124,196974.296875,0.10847003012895584,2026,17.63118815422058,5_I_exp64,5_I.v1.l1.ds1.l_combo10.ds_combo3.idays60.odays7,21
1,1,1,10,4,30,1,0.040108200162649155,0.040108200162649155,91.85140228271484,0.15279531478881836,2062,37.56205463409424,5_I_exp64,5_I.v1.l1.ds1.l_combo10.ds_combo4.idays30.odays1,47
1,1,1,10,4,30,7,0.04090709239244461,0.04090708866715431,199370.1875,0.16392792761325836,2056,27.87203550338745,5_I_exp64,5_I.v1.l1.ds1.l_combo10.ds_combo4.idays30.odays7,33
1,1,1,10,4,60,1,0.2246590554714203,0.2246590554714203,99.7549057006836,0.4223986268043518,2032,9.133044004440308,5_I_exp64,5_I.v1.l1.ds1.l_combo10.ds_combo4.idays60.odays1,11
1,1,1,10,4,60,7,0.04113391041755676,0.041133902966976166,946502.0,0.15977811813354492,2026,73.2605791091919,5_I_exp64,5_I.v1.l1.ds1.l_combo10.ds_combo4.idays60.odays7,88
1,1,1,11,1,30,1,0.015034658834338188,0.015034658834338188,298950.71875,0.09010758996009827,3110,116.87811541557312,5_I_exp64,5_I.v1.l1.ds1.l_combo11.ds_combo1.idays30.odays1,100
1,1,1,11,1,30,7,0.012901508249342442,0.012901508249342442,56856.0703125,0.08057671040296555,3104,121.79835605621338,5_I_exp64,5_I.v1.l1.ds1.l_combo11.ds_combo1.idays30.odays7,100
1,1,1,11,1,60,1,0.005901620723307133,0.005901620723307133,159315.875,0.053018130362033844,3080,78.86764359474182,5_I_exp64,5_I.v1.l1.ds1.l_combo11.ds_combo1.idays60.odays1,65
1,1,1,11,1,60,7,0.01237434335052967,0.012374341487884521,43506.08984375,0.08072615414857864,3074,124.14833211898804,5_I_exp64,5_I.v1.l1.ds1.l_combo11.ds_combo1.idays60.odays7,100
1,1,1,11,3,30,1,0.012888537719845772,0.012888537719845772,47.75952911376953,0.08687208592891693,3110,76.56835222244263,5_I_exp64,5_I.v1.l1.ds1.l_combo11.ds_combo3.idays30.odays1,65
1,1,1,11,3,30,7,0.015847908332943916,0.015847908332943916,199069.515625,0.09177292138338089,3104,120.60398578643799,5_I_exp64,5_I.v1.l1.ds1.l_combo11.ds_combo3.idays30.odays7,97
1,1,1,11,3,60,1,0.014456775039434433,0.014456775039434433,17131.533203125,0.08485578745603561,3080,20.555875778198242,5_I_exp64,5_I.v1.l1.ds1.l_combo11.ds_combo3.idays60.odays1,17
1,1,1,11,3,60,7,0.01308488193899393,0.013084881007671356,87428.625,0.08320343494415283,3074,124.86900758743286,5_I_exp64,5_I.v1.l1.ds1.l_combo11.ds_combo3.idays60.odays7,100
1,1,1,11,4,30,1,0.3515661358833313,0.3515661358833313,100.0,0.566993236541748,3110,13.605822563171387,5_I_exp64,5_I.v1.l1.ds1.l_combo11.ds_combo4.idays30.odays1,11
1,1,1,11,4,30,7,0.025368642061948776,0.025368643924593925,367743.65625,0.12040898948907852,3104,46.48675870895386,5_I_exp64,5_I.v1.l1.ds1.l_combo11.ds_combo4.idays30.odays7,38
1,1,1,11,4,60,1,0.028909733518958092,0.028909733518958092,43.04862976074219,0.1334434598684311,3080,119.76197004318237,5_I_exp64,5_I.v1.l1.ds1.l_combo11.ds_combo4.idays60.odays1,99
1,1,1,11,4,60,7,0.3437801003456116,0.3437800705432892,99.976806640625,0.5598865747451782,3074,13.81468415260315,5_I_exp64,5_I.v1.l1.ds1.l_combo11.ds_combo4.idays60.odays7,11
1,1,1,12,1,30,1,0.007128958124667406,0.007128958124667406,46521.5078125,0.05715150013566017,3385,129.72582840919495,5_I_exp64,5_I.v1.l1.ds1.l_combo12.ds_combo1.idays30.odays1,100
1,1,1,12,1,30,7,0.013550692237913609,0.013550693169236183,23650.50390625,0.08293485641479492,3379,97.0628559589386,5_I_exp64,5_I.v1.l1.ds1.l_combo12.ds_combo1.idays30.odays7,73
1,1,1,12,1,60,1,0.009141103364527225,0.009141103364527225,61399.95703125,0.06850551068782806,3355,80.1801986694336,5_I_exp64,5_I.v1.l1.ds1.l_combo12.ds_combo1.idays60.odays1,62
1,1,1,12,1,60,7,0.016628973186016083,0.016628975048661232,13754.7763671875,0.09331803023815155,3349,134.93916749954224,5_I_exp64,5_I.v1.l1.ds1.l_combo12.ds_combo1.idays60.odays7,100
1,1,1,12,3,30,1,0.014318865723907948,0.014318865723907948,162170.296875,0.08638135343790054,3385,74.08726525306702,5_I_exp64,5_I.v1.l1.ds1.l_combo12.ds_combo3.idays30.odays1,57
1,1,1,12,3,30,7,0.013311018235981464,0.01331101730465889,54168.8984375,0.08431762456893921,3379,130.9837203025818,5_I_exp64,5_I.v1.l1.ds1.l_combo12.ds_combo3.idays30.odays7,100
1,1,1,12,3,60,1,0.011220602318644524,0.011220602318644524,56.500823974609375,0.08041630685329437,3355,43.04286861419678,5_I_exp64,5_I.v1.l1.ds1.l_combo12.ds_combo3.idays60.odays1,33
1,1,1,12,3,60,7,0.013288915157318115,0.01328891422599554,39571.29296875,0.08753014355897903,3349,44.200775384902954,5_I_exp64,5_I.v1.l1.ds1.l_combo12.ds_combo3.idays60.odays7,32
1,1,1,12,4,30,1,0.3641732335090637,0.3641732335090637,99.85250854492188,0.5747010707855225,3385,14.304937362670898,5_I_exp64,5_I.v1.l1.ds1.l_combo12.ds_combo4.idays30.odays1,11
1,1,1,12,4,30,7,0.35908445715904236,0.35908442735671997,99.93659973144531,0.5706430077552795,3379,14.86318039894104,5_I_exp64,5_I.v1.l1.ds1.l_combo12.ds_combo4.idays30.odays7,11
1,1,1,12,4,60,1,0.03087770566344261,0.03087770566344261,912147.3125,0.13387253880500793,3355,62.43884563446045,5_I_exp64,5_I.v1.l1.ds1.l_combo12.ds_combo4.idays60.odays1,48
1,1,1,12,4,60,7,0.031205911189317703,0.031205913051962852,512458.5,0.135015070438385,3349,63.20534896850586,5_I_exp64,5_I.v1.l1.ds1.l_combo12.ds_combo4.idays60.odays7,47
1,1,1,13,1,30,1,0.008609483949840069,0.008609483949840069,271847.5625,0.06706992536783218,3377,76.50968647003174,5_I_exp64,5_I.v1.l1.ds1.l_combo13.ds_combo1.idays30.odays1,60
1,1,1,13,1,30,7,0.013597368262708187,0.013597367331385612,26.53834342956543,0.08134786784648895,3371,131.2169828414917,5_I_exp64,5_I.v1.l1.ds1.l_combo13.ds_combo1.idays30.odays7,100
1,1,1,13,1,60,1,0.0073259444907307625,0.0073259444907307625,295908.21875,0.05897466093301773,3347,109.79074120521545,5_I_exp64,5_I.v1.l1.ds1.l_combo13.ds_combo1.idays60.odays1,84
1,1,1,13,1,60,7,0.012744739651679993,0.012744739651679993,53071.50390625,0.07995111495256424,3341,136.9642152786255,5_I_exp64,5_I.v1.l1.ds1.l_combo13.ds_combo1.idays60.odays7,100
1,1,1,13,3,30,1,0.015076623298227787,0.015076623298227787,252066.34375,0.09292745590209961,3377,73.01066589355469,5_I_exp64,5_I.v1.l1.ds1.l_combo13.ds_combo3.idays30.odays1,58
1,1,1,13,3,30,7,0.015554034151136875,0.015554036013782024,113543.640625,0.09299137443304062,3371,29.181033849716187,5_I_exp64,5_I.v1.l1.ds1.l_combo13.ds_combo3.idays30.odays7,22
1,1,1,13,3,60,1,0.017599623650312424,0.017599623650312424,82293.5390625,0.09919766336679459,3347,36.12537717819214,5_I_exp64,5_I.v1.l1.ds1.l_combo13.ds_combo3.idays60.odays1,27
1,1,1,13,3,60,7,0.015270777978003025,0.015270775184035301,235552.703125,0.09445922076702118,3341,97.62261533737183,5_I_exp64,5_I.v1.l1.ds1.l_combo13.ds_combo3.idays60.odays7,73
1,1,1,13,4,30,1,0.03381838649511337,0.03381838649511337,1508938.0,0.14423447847366333,3377,59.85051989555359,5_I_exp64,5_I.v1.l1.ds1.l_combo13.ds_combo4.idays30.odays1,47
1,1,1,13,4,30,7,0.03702675551176071,0.03702675551176071,708957.125,0.14990603923797607,3371,94.44691443443298,5_I_exp64,5_I.v1.l1.ds1.l_combo13.ds_combo4.idays30.odays7,72
1,1,1,13,4,60,1,0.2447834014892578,0.2447834014892578,99.70149230957031,0.4587956666946411,3347,14.628089189529419,5_I_exp64,5_I.v1.l1.ds1.l_combo13.ds_combo4.idays60.odays1,11
1,1,1,13,4,60,7,0.03628789633512497,0.03628788888454437,306325.15625,0.14886286854743958,3341,50.477197885513306,5_I_exp64,5_I.v1.l1.ds1.l_combo13.ds_combo4.idays60.odays7,37
1,1,1,14,1,30,1,0.006964391563087702,0.006964391563087702,204902.71875,0.06020728126168251,3385,92.46793365478516,5_I_exp64,5_I.v1.l1.ds1.l_combo14.ds_combo1.idays30.odays1,72
1,1,1,14,1,30,7,0.014818035066127777,0.014818035066127777,22329.126953125,0.08759485185146332,3379,132.42513298988342,5_I_exp64,5_I.v1.l1.ds1.l_combo14.ds_combo1.idays30.odays7,100
1,1,1,14,1,60,1,0.007736747618764639,0.007736747618764639,19.822742462158203,0.06053734943270683,3355,127.45904111862183,5_I_exp64,5_I.v1.l1.ds1.l_combo14.ds_combo1.idays60.odays1,96
1,1,1,14,1,60,7,0.012319071218371391,0.012319071218371391,89294.9921875,0.08033832907676697,3349,133.77490758895874,5_I_exp64,5_I.v1.l1.ds1.l_combo14.ds_combo1.idays60.odays7,100
1,1,1,14,3,30,1,0.011850555427372456,0.011850555427372456,113651.2421875,0.08165115118026733,3385,58.452473640441895,5_I_exp64,5_I.v1.l1.ds1.l_combo14.ds_combo3.idays30.odays1,45
1,1,1,14,3,30,7,0.014755474403500557,0.014755473472177982,137204.609375,0.08985229581594467,3379,76.95070767402649,5_I_exp64,5_I.v1.l1.ds1.l_combo14.ds_combo3.idays30.odays7,58
1,1,1,14,3,60,1,0.010733025148510933,0.010733025148510933,76912.4921875,0.07915491610765457,3355,89.89535212516785,5_I_exp64,5_I.v1.l1.ds1.l_combo14.ds_combo3.idays60.odays1,69
1,1,1,14,3,60,7,0.01467421930283308,0.01467422116547823,170098.25,0.09116779267787933,3349,97.11694931983948,5_I_exp64,5_I.v1.l1.ds1.l_combo14.ds_combo3.idays60.odays7,71
1,1,1,14,4,30,1,0.03564006835222244,0.03564006835222244,869898.375,0.15161237120628357,3385,27.07307744026184,5_I_exp64,5_I.v1.l1.ds1.l_combo14.ds_combo4.idays30.odays1,21
1,1,1,14,4,30,7,0.02962380275130272,0.02962380461394787,58.666656494140625,0.1347581148147583,3379,52.13597130775452,5_I_exp64,5_I.v1.l1.ds1.l_combo14.ds_combo4.idays30.odays7,39
1,1,1,14,4,60,1,0.03375363349914551,0.03375363349914551,94.34274291992188,0.1438610851764679,3355,54.77958059310913,5_I_exp64,5_I.v1.l1.ds1.l_combo14.ds_combo4.idays60.odays1,41
1,1,1,14,4,60,7,0.03161578252911568,0.03161578252911568,117887.765625,0.140488862991333,3349,105.00718188285828,5_I_exp64,5_I.v1.l1.ds1.l_combo14.ds_combo4.idays60.odays7,78
