1,1,0,0,0,30,1,0.015709444880485535,0.015709444880485535,973205.375,0.08941971510648727,3287,126.32843542098999,2_M_exp8,2_M.v1.l1.ds0.l_combo0.ds_combo0.idays30.odays1,100
1,1,0,0,0,30,7,0.019268682226538658,0.019268684089183807,458352.21875,0.10074916481971741,3281,129.8179738521576,2_M_exp8,2_M.v1.l1.ds0.l_combo0.ds_combo0.idays30.odays7,100
1,1,0,0,0,60,1,0.01612941361963749,0.01612941361963749,680478.25,0.09041041135787964,3257,127.647625207901,2_M_exp8,2_M.v1.l1.ds0.l_combo0.ds_combo0.idays60.odays1,100
1,1,0,0,0,60,7,0.019652120769023895,0.019652122631669044,551611.875,0.1023361012339592,3251,132.8215959072113,2_M_exp8,2_M.v1.l1.ds0.l_combo0.ds_combo0.idays60.odays7,100
1,1,0,1,0,30,1,0.014766411855816841,0.014766411855816841,148594.078125,0.08769626915454865,2706,103.74002695083618,2_M_exp8,2_M.v1.l1.ds0.l_combo1.ds_combo0.idays30.odays1,100
1,1,0,1,0,30,7,0.01782938651740551,0.01782938651740551,179476.859375,0.09698505699634552,2700,107.31722140312195,2_M_exp8,2_M.v1.l1.ds0.l_combo1.ds_combo0.idays30.odays7,100
1,1,0,1,0,60,1,0.015002145431935787,0.015002145431935787,441982.40625,0.08854904770851135,2676,105.7628562450409,2_M_exp8,2_M.v1.l1.ds0.l_combo1.ds_combo0.idays60.odays1,100
1,1,0,1,0,60,7,0.01875784993171692,0.01875784993171692,87076.6640625,0.10051640123128891,2670,110.29346108436584,2_M_exp8,2_M.v1.l1.ds0.l_combo1.ds_combo0.idays60.odays7,100
1,1,0,2,0,30,1,0.011694313958287239,0.011694313958287239,34.57536315917969,0.07817158102989197,3272,122.55891919136047,2_M_exp8,2_M.v1.l1.ds0.l_combo2.ds_combo0.idays30.odays1,98
1,1,0,2,0,30,7,0.01591811142861843,0.01591811329126358,1164960.875,0.09345511347055435,3266,129.87855768203735,2_M_exp8,2_M.v1.l1.ds0.l_combo2.ds_combo0.idays30.odays7,100
1,1,0,2,0,60,1,0.012021472677588463,0.012021472677588463,987077.6875,0.07956754416227341,3242,126.84559798240662,2_M_exp8,2_M.v1.l1.ds0.l_combo2.ds_combo0.idays60.odays1,100
1,1,0,2,0,60,7,0.01625378616154194,0.016253788024187088,836192.5625,0.09314756840467453,3236,131.55290246009827,2_M_exp8,2_M.v1.l1.ds0.l_combo2.ds_combo0.idays60.odays7,100
1,1,0,3,0,30,1,0.011878556571900845,0.011878556571900845,798951.9375,0.07656548917293549,3389,131.97381591796875,2_M_exp8,2_M.v1.l1.ds0.l_combo3.ds_combo0.idays30.odays1,100
1,1,0,3,0,30,7,0.01563498005270958,0.01563498005270958,175962.5,0.09040063619613647,3383,135.060537815094,2_M_exp8,2_M.v1.l1.ds0.l_combo3.ds_combo0.idays30.odays7,100
1,1,0,3,0,60,1,0.012052219361066818,0.012052219361066818,94970.2421875,0.0779721736907959,3359,130.65784239768982,2_M_exp8,2_M.v1.l1.ds0.l_combo3.ds_combo0.idays60.odays1,100
1,1,0,3,0,60,7,0.01717439666390419,0.01717439480125904,215272.234375,0.09559831023216248,3353,136.3019678592682,2_M_exp8,2_M.v1.l1.ds0.l_combo3.ds_combo0.idays60.odays7,100
1,1,0,4,0,30,1,0.01644657552242279,0.01644657552242279,2290187.25,0.0911160334944725,3378,128.81442999839783,2_M_exp8,2_M.v1.l1.ds0.l_combo4.ds_combo0.idays30.odays1,100
1,1,0,4,0,30,7,0.01841866411268711,0.018418660387396812,1444185.75,0.09792248159646988,3372,131.66704559326172,2_M_exp8,2_M.v1.l1.ds0.l_combo4.ds_combo0.idays30.odays7,100
1,1,0,4,0,60,1,0.013787220232188702,0.013787220232188702,1467961.625,0.08309956640005112,3348,130.55018997192383,2_M_exp8,2_M.v1.l1.ds0.l_combo4.ds_combo0.idays60.odays1,100
1,1,0,4,0,60,7,0.017825180664658546,0.017825178802013397,1767166.5,0.09653956443071365,3342,136.13891792297363,2_M_exp8,2_M.v1.l1.ds0.l_combo4.ds_combo0.idays60.odays7,100
1,1,0,5,0,30,1,0.01680007204413414,0.01680007204413414,433393.28125,0.08954630047082901,3390,131.54506707191467,2_M_exp8,2_M.v1.l1.ds0.l_combo5.ds_combo0.idays30.odays1,100
1,1,0,5,0,30,7,0.021006189286708832,0.02100619114935398,1264857.0,0.10608217865228653,3384,134.56275153160095,2_M_exp8,2_M.v1.l1.ds0.l_combo5.ds_combo0.idays30.odays7,100
1,1,0,5,0,60,1,0.01696840301156044,0.01696840301156044,294972.25,0.09062717854976654,3360,132.12699246406555,2_M_exp8,2_M.v1.l1.ds0.l_combo5.ds_combo0.idays60.odays1,100
1,1,0,5,0,60,7,0.02081829123198986,0.02081828936934471,1161302.375,0.1028863713145256,3354,136.25810503959656,2_M_exp8,2_M.v1.l1.ds0.l_combo5.ds_combo0.idays60.odays7,100
1,1,0,6,0,30,1,0.021514179185032845,0.021514179185032845,34.30829620361328,0.10256849229335785,3392,131.32331323623657,2_M_exp8,2_M.v1.l1.ds0.l_combo6.ds_combo0.idays30.odays1,100
1,1,0,6,0,30,7,0.012706154957413673,0.012706155888736248,964099.4375,0.07656654715538025,3386,103.20600152015686,2_M_exp8,2_M.v1.l1.ds0.l_combo6.ds_combo0.idays30.odays7,76
1,1,0,6,0,60,1,0.01413622498512268,0.01413622498512268,1287309.875,0.08140983432531357,3362,131.19724464416504,2_M_exp8,2_M.v1.l1.ds0.l_combo6.ds_combo0.idays60.odays1,100
1,1,0,6,0,60,7,0.29559940099716187,0.29559940099716187,89.4072036743164,0.4539785087108612,3356,15.16469430923462,2_M_exp8,2_M.v1.l1.ds0.l_combo6.ds_combo0.idays60.odays7,11
1,1,0,7,0,30,1,0.013943935744464397,0.013943935744464397,205589.0,0.08367347717285156,2629,102.5014111995697,2_M_exp8,2_M.v1.l1.ds0.l_combo7.ds_combo0.idays30.odays1,100
1,1,0,7,0,30,7,0.016621053218841553,0.016621051356196404,225070.640625,0.09109701961278915,2623,105.47838306427002,2_M_exp8,2_M.v1.l1.ds0.l_combo7.ds_combo0.idays30.odays7,100
1,1,0,7,0,60,1,0.016630498692393303,0.016630498692393303,45.02095031738281,0.09090200811624527,2599,102.3858392238617,2_M_exp8,2_M.v1.l1.ds0.l_combo7.ds_combo0.idays60.odays1,100
1,1,0,7,0,60,7,0.01747472770512104,0.01747472770512104,291582.71875,0.09427221864461899,2593,92.61534142494202,2_M_exp8,2_M.v1.l1.ds0.l_combo7.ds_combo0.idays60.odays7,87
1,1,0,8,0,30,1,0.013051933608949184,0.013051933608949184,107989.4765625,0.07913566380739212,2598,101.02884101867676,2_M_exp8,2_M.v1.l1.ds0.l_combo8.ds_combo0.idays30.odays1,100
1,1,0,8,0,30,7,0.016183165833353996,0.016183165833353996,182031.140625,0.09154575318098068,2592,105.3139979839325,2_M_exp8,2_M.v1.l1.ds0.l_combo8.ds_combo0.idays30.odays7,100
1,1,0,8,0,60,1,0.012362422421574593,0.012362422421574593,108773.3359375,0.07681532949209213,2568,101.67705702781677,2_M_exp8,2_M.v1.l1.ds0.l_combo8.ds_combo0.idays60.odays1,100
1,1,0,8,0,60,7,0.016468027606606483,0.016468023881316185,175129.671875,0.09217552840709686,2562,105.08822584152222,2_M_exp8,2_M.v1.l1.ds0.l_combo8.ds_combo0.idays60.odays7,100
1,1,0,9,0,30,1,0.012027767486870289,0.012027767486870289,722401.5,0.07764346152544022,3363,128.58687901496887,2_M_exp8,2_M.v1.l1.ds0.l_combo9.ds_combo0.idays30.odays1,100
1,1,0,9,0,30,7,0.016886550933122635,0.016886552795767784,691136.5,0.09238164126873016,3357,134.14817333221436,2_M_exp8,2_M.v1.l1.ds0.l_combo9.ds_combo0.idays30.odays7,100
1,1,0,9,0,60,1,0.015440315939486027,0.015440315939486027,428281.1875,0.08835133910179138,3333,129.09654426574707,2_M_exp8,2_M.v1.l1.ds0.l_combo9.ds_combo0.idays60.odays1,100
1,1,0,9,0,60,7,0.015687525272369385,0.015687525272369385,409234.65625,0.08906325697898865,3327,134.02977991104126,2_M_exp8,2_M.v1.l1.ds0.l_combo9.ds_combo0.idays60.odays7,100
1,1,0,10,0,30,1,0.02189745008945465,0.02189745008945465,913789.75,0.10678964853286743,2062,81.3413474559784,2_M_exp8,2_M.v1.l1.ds0.l_combo10.ds_combo0.idays30.odays1,100
1,1,0,10,0,30,7,0.02063431404531002,0.02063431590795517,334409.375,0.10256650298833847,2056,81.68705940246582,2_M_exp8,2_M.v1.l1.ds0.l_combo10.ds_combo0.idays30.odays7,97
1,1,0,10,0,60,1,0.018384840339422226,0.018384840339422226,512697.40625,0.0949113517999649,2032,82.07746434211731,2_M_exp8,2_M.v1.l1.ds0.l_combo10.ds_combo0.idays60.odays1,100
1,1,0,10,0,60,7,0.02096000872552395,0.020960010588169098,207169.328125,0.10384423285722733,2026,52.97151851654053,2_M_exp8,2_M.v1.l1.ds0.l_combo10.ds_combo0.idays60.odays7,63
1,1,0,11,0,30,1,0.012085986323654652,0.012085986323654652,115516.9140625,0.07630595564842224,3110,119.78679490089417,2_M_exp8,2_M.v1.l1.ds0.l_combo11.ds_combo0.idays30.odays1,100
1,1,0,11,0,30,7,0.017762837931513786,0.017762837931513786,197880.765625,0.095933698117733,3104,124.06795859336853,2_M_exp8,2_M.v1.l1.ds0.l_combo11.ds_combo0.idays30.odays7,100
1,1,0,11,0,60,1,0.013842800632119179,0.013842800632119179,140718.625,0.08044305443763733,3080,122.65061497688293,2_M_exp8,2_M.v1.l1.ds0.l_combo11.ds_combo0.idays60.odays1,100
1,1,0,11,0,60,7,0.014510015025734901,0.014510015957057476,247299.234375,0.08557844161987305,3074,125.3280622959137,2_M_exp8,2_M.v1.l1.ds0.l_combo11.ds_combo0.idays60.odays7,100
1,1,0,12,0,30,1,0.011517046019434929,0.011517046019434929,767354.0625,0.07487038522958755,3385,131.10782551765442,2_M_exp8,2_M.v1.l1.ds0.l_combo12.ds_combo0.idays30.odays1,100
1,1,0,12,0,30,7,0.015203445218503475,0.015203445218503475,305768.40625,0.0865681916475296,3379,133.73711228370667,2_M_exp8,2_M.v1.l1.ds0.l_combo12.ds_combo0.idays30.odays7,100
1,1,0,12,0,60,1,0.013981502503156662,0.013981502503156662,943663.4375,0.08498359471559525,3355,131.608877658844,2_M_exp8,2_M.v1.l1.ds0.l_combo12.ds_combo0.idays60.odays1,100
1,1,0,12,0,60,7,0.015318851917982101,0.015318850986659527,406526.03125,0.08887168765068054,3349,137.06289196014404,2_M_exp8,2_M.v1.l1.ds0.l_combo12.ds_combo0.idays60.odays7,100
1,1,0,13,0,30,1,0.013907591812312603,0.013907591812312603,130331.7421875,0.08206894248723984,3377,127.70424365997314,2_M_exp8,2_M.v1.l1.ds0.l_combo13.ds_combo0.idays30.odays1,100
1,1,0,13,0,30,7,0.017084503546357155,0.017084503546357155,652954.75,0.0945945605635643,3371,132.86195731163025,2_M_exp8,2_M.v1.l1.ds0.l_combo13.ds_combo0.idays30.odays7,100
1,1,0,13,0,60,1,0.01380667369812727,0.01380667369812727,101314.421875,0.08230222761631012,3347,131.77603816986084,2_M_exp8,2_M.v1.l1.ds0.l_combo13.ds_combo0.idays60.odays1,100
1,1,0,13,0,60,7,0.018466562032699585,0.018466560170054436,513673.65625,0.09811916947364807,3341,137.84217143058777,2_M_exp8,2_M.v1.l1.ds0.l_combo13.ds_combo0.idays60.odays7,100
1,1,0,14,0,30,1,0.013286860659718513,0.013286860659718513,32498.826171875,0.08198194205760956,3385,129.99860310554504,2_M_exp8,2_M.v1.l1.ds0.l_combo14.ds_combo0.idays30.odays1,100
1,1,0,14,0,30,7,0.016593027859926224,0.016593025997281075,59942.55859375,0.09337134659290314,3379,133.9915943145752,2_M_exp8,2_M.v1.l1.ds0.l_combo14.ds_combo0.idays30.odays7,100
1,1,0,14,0,60,1,0.013689705170691013,0.013689705170691013,40.69358444213867,0.08482315391302109,3355,131.53517961502075,2_M_exp8,2_M.v1.l1.ds0.l_combo14.ds_combo0.idays60.odays1,100
1,1,0,14,0,60,7,0.01612330973148346,0.01612330973148346,146392.953125,0.09161791950464249,3349,137.4455485343933,2_M_exp8,2_M.v1.l1.ds0.l_combo14.ds_combo0.idays60.odays7,100
1,1,0,0,0,30,1,0.016012070700526237,0.016012070700526237,468052.4375,0.08891484886407852,3287,124.44889402389526,2_M_exp32,2_M.v1.l1.ds0.l_combo0.ds_combo0.idays30.odays1,100
1,1,0,0,0,30,7,0.019461117684841156,0.019461119547486305,565743.5625,0.10159718245267868,3281,130.10293340682983,2_M_exp32,2_M.v1.l1.ds0.l_combo0.ds_combo0.idays30.odays7,100
1,1,0,0,0,60,1,0.015364172868430614,0.015364172868430614,255486.84375,0.08619143813848495,3257,128.0218505859375,2_M_exp32,2_M.v1.l1.ds0.l_combo0.ds_combo0.idays60.odays1,100
1,1,0,0,0,60,7,0.018632708117365837,0.01863270439207554,543787.125,0.09878607839345932,3251,133.49130582809448,2_M_exp32,2_M.v1.l1.ds0.l_combo0.ds_combo0.idays60.odays7,100
1,1,0,1,0,30,1,0.01507963053882122,0.01507963053882122,342388.84375,0.08899583667516708,2706,105.09808087348938,2_M_exp32,2_M.v1.l1.ds0.l_combo1.ds_combo0.idays30.odays1,100
1,1,0,1,0,30,7,0.01762145198881626,0.01762145198881626,316331.8125,0.09593067318201065,2700,101.48925852775574,2_M_exp32,2_M.v1.l1.ds0.l_combo1.ds_combo0.idays30.odays7,94
1,1,0,1,0,60,1,0.014724880456924438,0.014724880456924438,373872.5625,0.08640573918819427,2676,106.25421404838562,2_M_exp32,2_M.v1.l1.ds0.l_combo1.ds_combo0.idays60.odays1,100
1,1,0,1,0,60,7,0.017885416746139526,0.017885414883494377,163970.28125,0.09737865626811981,2670,110.39937448501587,2_M_exp32,2_M.v1.l1.ds0.l_combo1.ds_combo0.idays60.odays7,100
1,1,0,2,0,30,1,0.012340432032942772,0.012340432032942772,905895.0,0.07978393882513046,3272,122.84052920341492,2_M_exp32,2_M.v1.l1.ds0.l_combo2.ds_combo0.idays30.odays1,97
1,1,0,2,0,30,7,0.015274339355528355,0.015274341218173504,898085.375,0.08924244344234467,3266,129.01560497283936,2_M_exp32,2_M.v1.l1.ds0.l_combo2.ds_combo0.idays30.odays7,100
1,1,0,2,0,60,1,0.011217388324439526,0.011217388324439526,875273.9375,0.07605484873056412,3242,121.99349570274353,2_M_exp32,2_M.v1.l1.ds0.l_combo2.ds_combo0.idays60.odays1,96
1,1,0,2,0,60,7,0.014563270844519138,0.014563269913196564,707752.6875,0.08813493698835373,3236,131.38131761550903,2_M_exp32,2_M.v1.l1.ds0.l_combo2.ds_combo0.idays60.odays7,100
1,1,0,3,0,30,1,0.011451740749180317,0.011451740749180317,73086.5390625,0.0743323266506195,3389,131.23698139190674,2_M_exp32,2_M.v1.l1.ds0.l_combo3.ds_combo0.idays30.odays1,100
1,1,0,3,0,30,7,0.01595419831573963,0.01595419831573963,188623.046875,0.09041100740432739,3383,136.60424208641052,2_M_exp32,2_M.v1.l1.ds0.l_combo3.ds_combo0.idays30.odays7,100
1,1,0,3,0,60,1,0.010991123504936695,0.010991123504936695,331447.6875,0.07387251406908035,3359,131.70589232444763,2_M_exp32,2_M.v1.l1.ds0.l_combo3.ds_combo0.idays60.odays1,100
1,1,0,3,0,60,7,0.016200367361307144,0.016200363636016846,372001.6875,0.09163285046815872,3353,136.06482601165771,2_M_exp32,2_M.v1.l1.ds0.l_combo3.ds_combo0.idays60.odays7,100
1,1,0,4,0,30,1,0.015689667314291,0.015689667314291,2870210.0,0.08756233751773834,3378,128.22725772857666,2_M_exp32,2_M.v1.l1.ds0.l_combo4.ds_combo0.idays30.odays1,100
1,1,0,4,0,30,7,0.016972055658698082,0.016972053796052933,1061395.75,0.09296009689569473,3372,134.2639410495758,2_M_exp32,2_M.v1.l1.ds0.l_combo4.ds_combo0.idays30.odays7,100
1,1,0,4,0,60,1,0.013125039637088776,0.013125039637088776,912169.75,0.07789957523345947,3348,131.77057814598083,2_M_exp32,2_M.v1.l1.ds0.l_combo4.ds_combo0.idays60.odays1,100
1,1,0,4,0,60,7,0.016991430893540382,0.016991430893540382,1293732.875,0.09421214461326599,3342,135.80912256240845,2_M_exp32,2_M.v1.l1.ds0.l_combo4.ds_combo0.idays60.odays7,100
1,1,0,5,0,30,1,0.015929466113448143,0.015929466113448143,634113.0625,0.0866549015045166,3390,130.16743397712708,2_M_exp32,2_M.v1.l1.ds0.l_combo5.ds_combo0.idays30.odays1,100
1,1,0,5,0,30,7,0.020283253863453865,0.020283253863453865,829226.5625,0.10056489706039429,3384,136.03149843215942,2_M_exp32,2_M.v1.l1.ds0.l_combo5.ds_combo0.idays30.odays7,100
1,1,0,5,0,60,1,0.01587241142988205,0.01587241142988205,1058652.375,0.08528254926204681,3360,110.00557804107666,2_M_exp32,2_M.v1.l1.ds0.l_combo5.ds_combo0.idays60.odays1,83
1,1,0,5,0,60,7,0.019764667376875877,0.019764667376875877,434795.78125,0.09854394942522049,3354,136.3411419391632,2_M_exp32,2_M.v1.l1.ds0.l_combo5.ds_combo0.idays60.odays7,100
1,1,0,6,0,30,1,0.016978759318590164,0.016978759318590164,1145346.625,0.08757289499044418,3392,130.73640298843384,2_M_exp32,2_M.v1.l1.ds0.l_combo6.ds_combo0.idays30.odays1,100
1,1,0,6,0,30,7,0.013439801521599293,0.013439801521599293,631925.25,0.07541905343532562,3386,105.77611970901489,2_M_exp32,2_M.v1.l1.ds0.l_combo6.ds_combo0.idays30.odays7,78
1,1,0,6,0,60,1,0.014301442541182041,0.014301442541182041,1413365.0,0.08016398549079895,3362,132.67929601669312,2_M_exp32,2_M.v1.l1.ds0.l_combo6.ds_combo0.idays60.odays1,100
1,1,0,6,0,60,7,0.30963703989982605,0.30963703989982605,89.8262939453125,0.4689697325229645,3356,15.103242874145508,2_M_exp32,2_M.v1.l1.ds0.l_combo6.ds_combo0.idays60.odays7,11
1,1,0,7,0,30,1,0.014003647491335869,0.014003647491335869,330961.9375,0.07875504344701767,2629,102.13022255897522,2_M_exp32,2_M.v1.l1.ds0.l_combo7.ds_combo0.idays30.odays1,100
1,1,0,7,0,30,7,0.017165210098028183,0.017165211960673332,167682.078125,0.0913134291768074,2623,104.97294569015503,2_M_exp32,2_M.v1.l1.ds0.l_combo7.ds_combo0.idays30.odays7,100
1,1,0,7,0,60,1,0.01605488732457161,0.01605488732457161,51.80381393432617,0.08929391205310822,2599,104.57999563217163,2_M_exp32,2_M.v1.l1.ds0.l_combo7.ds_combo0.idays60.odays1,100
1,1,0,7,0,60,7,0.016845114529132843,0.016845114529132843,130304.1796875,0.09004240483045578,2593,106.47736358642578,2_M_exp32,2_M.v1.l1.ds0.l_combo7.ds_combo0.idays60.odays7,100
1,1,0,8,0,30,1,0.012427810579538345,0.012427810579538345,42.87858581542969,0.07583559304475784,2598,100.63339066505432,2_M_exp32,2_M.v1.l1.ds0.l_combo8.ds_combo0.idays30.odays1,100
1,1,0,8,0,30,7,0.015334947034716606,0.01533494796603918,139920.671875,0.08865649998188019,2592,104.34396004676819,2_M_exp32,2_M.v1.l1.ds0.l_combo8.ds_combo0.idays30.odays7,100
1,1,0,8,0,60,1,0.01364217884838581,0.01364217884838581,70702.796875,0.08168395608663559,2568,67.58695769309998,2_M_exp32,2_M.v1.l1.ds0.l_combo8.ds_combo0.idays60.odays1,66
1,1,0,8,0,60,7,0.015734542161226273,0.015734544023871422,48973.82421875,0.088825523853302,2562,104.81803059577942,2_M_exp32,2_M.v1.l1.ds0.l_combo8.ds_combo0.idays60.odays7,100
1,1,0,9,0,30,1,0.012930793687701225,0.012930793687701225,636442.9375,0.07827302068471909,3363,128.4843909740448,2_M_exp32,2_M.v1.l1.ds0.l_combo9.ds_combo0.idays30.odays1,100
1,1,0,9,0,30,7,0.014910784550011158,0.014910783618688583,562535.5,0.0850723534822464,3357,132.86514115333557,2_M_exp32,2_M.v1.l1.ds0.l_combo9.ds_combo0.idays30.odays7,100
1,1,0,9,0,60,1,0.015595990233123302,0.015595990233123302,178103.5625,0.0862092673778534,3333,130.74872303009033,2_M_exp32,2_M.v1.l1.ds0.l_combo9.ds_combo0.idays60.odays1,100
1,1,0,9,0,60,7,0.013940895907580853,0.013940894976258278,489767.8125,0.08178211003541946,3327,135.662344455719,2_M_exp32,2_M.v1.l1.ds0.l_combo9.ds_combo0.idays60.odays7,100
1,1,0,10,0,30,1,0.020687850192189217,0.020687850192189217,56.863075256347656,0.1049007773399353,2062,80.76062870025635,2_M_exp32,2_M.v1.l1.ds0.l_combo10.ds_combo0.idays30.odays1,100
1,1,0,10,0,30,7,0.01904924027621746,0.01904924027621746,234570.609375,0.0981529951095581,2056,84.00390839576721,2_M_exp32,2_M.v1.l1.ds0.l_combo10.ds_combo0.idays30.odays7,100
1,1,0,10,0,60,1,0.014962938614189625,0.014962938614189625,59.02805709838867,0.08383738994598389,2032,82.00606727600098,2_M_exp32,2_M.v1.l1.ds0.l_combo10.ds_combo0.idays60.odays1,100
1,1,0,10,0,60,7,0.01948806829750538,0.01948806643486023,435583.3125,0.0992548018693924,2026,85.13060975074768,2_M_exp32,2_M.v1.l1.ds0.l_combo10.ds_combo0.idays60.odays7,100
1,1,0,11,0,30,1,0.010859127156436443,0.010859127156436443,169243.390625,0.07108592242002487,3110,98.3404529094696,2_M_exp32,2_M.v1.l1.ds0.l_combo11.ds_combo0.idays30.odays1,83
1,1,0,11,0,30,7,0.015503465197980404,0.015503466129302979,139552.421875,0.0877302959561348,3104,123.08914351463318,2_M_exp32,2_M.v1.l1.ds0.l_combo11.ds_combo0.idays30.odays7,100
1,1,0,11,0,60,1,0.01083064079284668,0.01083064079284668,328945.96875,0.07042065262794495,3080,123.03338265419006,2_M_exp32,2_M.v1.l1.ds0.l_combo11.ds_combo0.idays60.odays1,100
1,1,0,11,0,60,7,0.01511254534125328,0.015112546272575855,81883.453125,0.0863908901810646,3074,127.49189567565918,2_M_exp32,2_M.v1.l1.ds0.l_combo11.ds_combo0.idays60.odays7,100
1,1,0,12,0,30,1,0.012196596711874008,0.012196596711874008,41152.86328125,0.07597579061985016,3385,102.81046605110168,2_M_exp32,2_M.v1.l1.ds0.l_combo12.ds_combo0.idays30.odays1,79
1,1,0,12,0,30,7,0.015514705330133438,0.015514706261456013,712687.5625,0.08809995651245117,3379,134.0188684463501,2_M_exp32,2_M.v1.l1.ds0.l_combo12.ds_combo0.idays30.odays7,100
1,1,0,12,0,60,1,0.012252826243638992,0.012252826243638992,130889.6640625,0.07745710760354996,3355,86.98264789581299,2_M_exp32,2_M.v1.l1.ds0.l_combo12.ds_combo0.idays60.odays1,66
1,1,0,12,0,60,7,0.01487515028566122,0.014875151216983795,281202.15625,0.08576494455337524,3349,137.16960668563843,2_M_exp32,2_M.v1.l1.ds0.l_combo12.ds_combo0.idays60.odays7,100
1,1,0,13,0,30,1,0.01259531918913126,0.01259531918913126,774885.0,0.07709024846553802,3377,118.61248445510864,2_M_exp32,2_M.v1.l1.ds0.l_combo13.ds_combo0.idays30.odays1,93
1,1,0,13,0,30,7,0.016599535942077637,0.016599535942077637,527271.875,0.09062279015779495,3371,132.92754983901978,2_M_exp32,2_M.v1.l1.ds0.l_combo13.ds_combo0.idays30.odays7,100
1,1,0,13,0,60,1,0.01249115914106369,0.01249115914106369,625649.5625,0.07644672691822052,3347,131.67528223991394,2_M_exp32,2_M.v1.l1.ds0.l_combo13.ds_combo0.idays60.odays1,100
1,1,0,13,0,60,7,0.016930939629673958,0.016930939629673958,180702.375,0.09238935261964798,3341,137.2549033164978,2_M_exp32,2_M.v1.l1.ds0.l_combo13.ds_combo0.idays60.odays7,100
1,1,0,14,0,30,1,0.012301764450967312,0.012301764450967312,133059.953125,0.07624740898609161,3385,129.91821575164795,2_M_exp32,2_M.v1.l1.ds0.l_combo14.ds_combo0.idays30.odays1,100
1,1,0,14,0,30,7,0.01577598974108696,0.01577598974108696,133258.5625,0.08877841383218765,3379,133.9645757675171,2_M_exp32,2_M.v1.l1.ds0.l_combo14.ds_combo0.idays30.odays7,100
1,1,0,14,0,60,1,0.013963921926915646,0.013963921926915646,83677.8828125,0.08447404950857162,3355,131.5107398033142,2_M_exp32,2_M.v1.l1.ds0.l_combo14.ds_combo0.idays60.odays1,100
1,1,0,14,0,60,7,0.014895336702466011,0.014895335771143436,141229.265625,0.08557352423667908,3349,136.64977431297302,2_M_exp32,2_M.v1.l1.ds0.l_combo14.ds_combo0.idays60.odays7,100
1,1,0,0,0,30,1,0.015608781948685646,0.015608781948685646,697018.875,0.08820857107639313,3287,125.59213495254517,2_M_exp64,2_M.v1.l1.ds0.l_combo0.ds_combo0.idays30.odays1,99
1,1,0,0,0,30,7,0.018375275656580925,0.018375275656580925,390589.875,0.09749359637498856,3281,130.73892331123352,2_M_exp64,2_M.v1.l1.ds0.l_combo0.ds_combo0.idays30.odays7,100
1,1,0,0,0,60,1,0.014180578291416168,0.014180578291416168,530052.125,0.08404384553432465,3257,93.74504232406616,2_M_exp64,2_M.v1.l1.ds0.l_combo0.ds_combo0.idays60.odays1,73
1,1,0,0,0,60,7,0.018331944942474365,0.018331946805119514,200432.609375,0.09813063591718674,3251,132.9917221069336,2_M_exp64,2_M.v1.l1.ds0.l_combo0.ds_combo0.idays60.odays7,100
1,1,0,1,0,30,1,0.014267778024077415,0.014267778024077415,112874.5859375,0.0859161764383316,2706,104.2778103351593,2_M_exp64,2_M.v1.l1.ds0.l_combo1.ds_combo0.idays30.odays1,100
1,1,0,1,0,30,7,0.017356861382722855,0.017356863245368004,162691.234375,0.09577435255050659,2700,108.73071002960205,2_M_exp64,2_M.v1.l1.ds0.l_combo1.ds_combo0.idays30.odays7,100
1,1,0,1,0,60,1,0.015738362446427345,0.015738362446427345,326747.9375,0.0901380255818367,2676,105.8914144039154,2_M_exp64,2_M.v1.l1.ds0.l_combo1.ds_combo0.idays60.odays1,100
1,1,0,1,0,60,7,0.01681629940867424,0.01681629940867424,184058.671875,0.0945243239402771,2670,110.11082983016968,2_M_exp64,2_M.v1.l1.ds0.l_combo1.ds_combo0.idays60.odays7,100
1,1,0,2,0,30,1,0.012096084654331207,0.012096084654331207,678380.25,0.07804305106401443,3272,122.87920427322388,2_M_exp64,2_M.v1.l1.ds0.l_combo2.ds_combo0.idays30.odays1,98
1,1,0,2,0,30,7,0.015195962972939014,0.01519596204161644,592839.1875,0.08882477134466171,3266,131.1305856704712,2_M_exp64,2_M.v1.l1.ds0.l_combo2.ds_combo0.idays30.odays7,100
1,1,0,2,0,60,1,0.011571664363145828,0.011571664363145828,803690.3125,0.07632211595773697,3242,105.70816564559937,2_M_exp64,2_M.v1.l1.ds0.l_combo2.ds_combo0.idays60.odays1,83
1,1,0,2,0,60,7,0.015229159034788609,0.015229158103466034,904202.875,0.09040681272745132,3236,131.81809759140015,2_M_exp64,2_M.v1.l1.ds0.l_combo2.ds_combo0.idays60.odays7,100
1,1,0,3,0,30,1,0.012149152345955372,0.012149152345955372,668845.25,0.07890835404396057,3389,131.34615993499756,2_M_exp64,2_M.v1.l1.ds0.l_combo3.ds_combo0.idays30.odays1,100
1,1,0,3,0,30,7,0.015154174529016018,0.015154176391661167,81145.21875,0.08829498291015625,3383,89.42248034477234,2_M_exp64,2_M.v1.l1.ds0.l_combo3.ds_combo0.idays30.odays7,65
1,1,0,3,0,60,1,0.011351744644343853,0.011351744644343853,153424.203125,0.07441291213035583,3359,126.49954462051392,2_M_exp64,2_M.v1.l1.ds0.l_combo3.ds_combo0.idays60.odays1,96
1,1,0,3,0,60,7,0.015271436423063278,0.015271436423063278,81097.5625,0.08815301209688187,3353,136.21185660362244,2_M_exp64,2_M.v1.l1.ds0.l_combo3.ds_combo0.idays60.odays7,100
1,1,0,4,0,30,1,0.013971756212413311,0.013971756212413311,2705262.75,0.08555341511964798,3378,122.82799243927002,2_M_exp64,2_M.v1.l1.ds0.l_combo4.ds_combo0.idays30.odays1,95
1,1,0,4,0,30,7,0.01591029018163681,0.01591029204428196,1281586.625,0.09044965356588364,3372,134.912442445755,2_M_exp64,2_M.v1.l1.ds0.l_combo4.ds_combo0.idays30.odays7,100
1,1,0,4,0,60,1,0.012103816494345665,0.012103816494345665,916925.875,0.07651335000991821,3348,118.48412275314331,2_M_exp64,2_M.v1.l1.ds0.l_combo4.ds_combo0.idays60.odays1,90
1,1,0,4,0,60,7,0.016216112300753593,0.016216114163398743,1135508.625,0.09083565324544907,3342,136.51969385147095,2_M_exp64,2_M.v1.l1.ds0.l_combo4.ds_combo0.idays60.odays7,100
1,1,0,5,0,30,1,0.016670994460582733,0.016670994460582733,585519.875,0.08723154664039612,3390,115.44747495651245,2_M_exp64,2_M.v1.l1.ds0.l_combo5.ds_combo0.idays30.odays1,88
1,1,0,5,0,30,7,0.018916355445981026,0.018916353583335876,921434.3125,0.09715446084737778,3384,137.42080736160278,2_M_exp64,2_M.v1.l1.ds0.l_combo5.ds_combo0.idays30.odays7,100
1,1,0,5,0,60,1,0.01604536734521389,0.01604536734521389,986619.625,0.08521057665348053,3360,94.13683724403381,2_M_exp64,2_M.v1.l1.ds0.l_combo5.ds_combo0.idays60.odays1,72
1,1,0,5,0,60,7,0.018863579258322716,0.018863582983613014,308942.5,0.09530787914991379,3354,136.53836631774902,2_M_exp64,2_M.v1.l1.ds0.l_combo5.ds_combo0.idays60.odays7,100
1,1,0,6,0,30,1,0.014715521596372128,0.014715521596372128,876869.4375,0.08427449315786362,3392,131.44479537010193,2_M_exp64,2_M.v1.l1.ds0.l_combo6.ds_combo0.idays30.odays1,100
1,1,0,6,0,30,7,0.012584441341459751,0.012584442272782326,772870.1875,0.07479329407215118,3386,85.13276696205139,2_M_exp64,2_M.v1.l1.ds0.l_combo6.ds_combo0.idays30.odays7,62
1,1,0,6,0,60,1,0.010662301443517208,0.010662301443517208,1440627.75,0.06753578037023544,3362,131.62124466896057,2_M_exp64,2_M.v1.l1.ds0.l_combo6.ds_combo0.idays60.odays1,100
1,1,0,6,0,60,7,0.29258647561073303,0.2925865054130554,89.39505004882812,0.45145681500434875,3356,15.235354661941528,2_M_exp64,2_M.v1.l1.ds0.l_combo6.ds_combo0.idays60.odays7,11
1,1,0,7,0,30,1,0.013083032332360744,0.013083032332360744,158223.140625,0.07711827009916306,2629,102.24227499961853,2_M_exp64,2_M.v1.l1.ds0.l_combo7.ds_combo0.idays30.odays1,100
1,1,0,7,0,30,7,0.016074147075414658,0.016074147075414658,73780.4609375,0.08847158402204514,2623,104.9430046081543,2_M_exp64,2_M.v1.l1.ds0.l_combo7.ds_combo0.idays30.odays7,100
1,1,0,7,0,60,1,0.016473842784762383,0.016473842784762383,62838.4609375,0.0898517295718193,2599,96.08887839317322,2_M_exp64,2_M.v1.l1.ds0.l_combo7.ds_combo0.idays60.odays1,94
1,1,0,7,0,60,7,0.016460919752717018,0.016460921615362167,158705.8125,0.0897834524512291,2593,106.41930341720581,2_M_exp64,2_M.v1.l1.ds0.l_combo7.ds_combo0.idays60.odays7,100
1,1,0,8,0,30,1,0.011924798600375652,0.011924798600375652,68203.96875,0.07532679289579391,2598,47.569303035736084,2_M_exp64,2_M.v1.l1.ds0.l_combo8.ds_combo0.idays30.odays1,47
1,1,0,8,0,30,7,0.015592841431498528,0.015592841431498528,141042.09375,0.08900297433137894,2592,105.73399877548218,2_M_exp64,2_M.v1.l1.ds0.l_combo8.ds_combo0.idays30.odays7,100
1,1,0,8,0,60,1,0.01251482404768467,0.01251482404768467,69995.6015625,0.07895404100418091,2568,62.34471535682678,2_M_exp64,2_M.v1.l1.ds0.l_combo8.ds_combo0.idays60.odays1,62
1,1,0,8,0,60,7,0.014757095836102962,0.014757096767425537,66366.875,0.08628379553556442,2562,104.79101943969727,2_M_exp64,2_M.v1.l1.ds0.l_combo8.ds_combo0.idays60.odays7,100
1,1,0,9,0,30,1,0.012335681356489658,0.012335681356489658,986125.375,0.07586940377950668,3363,96.92435359954834,2_M_exp64,2_M.v1.l1.ds0.l_combo9.ds_combo0.idays30.odays1,75
1,1,0,9,0,30,7,0.013913411647081375,0.0139134107157588,372381.59375,0.08199828118085861,3357,134.28837132453918,2_M_exp64,2_M.v1.l1.ds0.l_combo9.ds_combo0.idays30.odays7,100
1,1,0,9,0,60,1,0.01138035673648119,0.01138035673648119,793327.3125,0.07346873730421066,3333,130.20421409606934,2_M_exp64,2_M.v1.l1.ds0.l_combo9.ds_combo0.idays60.odays1,100
1,1,0,9,0,60,7,0.01286621205508709,0.012866211123764515,333298.25,0.07670582830905914,3327,134.21514630317688,2_M_exp64,2_M.v1.l1.ds0.l_combo9.ds_combo0.idays60.odays7,100
1,1,0,10,0,30,1,0.01976953260600567,0.01976953260600567,139347.546875,0.10051504522562027,2062,80.55001449584961,2_M_exp64,2_M.v1.l1.ds0.l_combo10.ds_combo0.idays30.odays1,100
1,1,0,10,0,30,7,0.019707439467310905,0.019707435742020607,347386.15625,0.09997871518135071,2056,83.73697113990784,2_M_exp64,2_M.v1.l1.ds0.l_combo10.ds_combo0.idays30.odays7,100
1,1,0,10,0,60,1,0.014285863377153873,0.014285863377153873,39.150272369384766,0.08230649679899216,2032,74.77521562576294,2_M_exp64,2_M.v1.l1.ds0.l_combo10.ds_combo0.idays60.odays1,91
1,1,0,10,0,60,7,0.018462175503373146,0.018462175503373146,307717.875,0.09602136164903641,2026,84.23632597923279,2_M_exp64,2_M.v1.l1.ds0.l_combo10.ds_combo0.idays60.odays7,100
1,1,0,11,0,30,1,0.01119740679860115,0.01119740679860115,457609.40625,0.07192818820476532,3110,119.07647848129272,2_M_exp64,2_M.v1.l1.ds0.l_combo11.ds_combo0.idays30.odays1,100
1,1,0,11,0,30,7,0.01570691540837288,0.01570691540837288,211194.625,0.08928705751895905,3104,122.66804575920105,2_M_exp64,2_M.v1.l1.ds0.l_combo11.ds_combo0.idays30.odays7,100
1,1,0,11,0,60,1,0.010625051334500313,0.010625051334500313,320030.96875,0.07077176123857498,3080,121.83001708984375,2_M_exp64,2_M.v1.l1.ds0.l_combo11.ds_combo0.idays60.odays1,100
1,1,0,11,0,60,7,0.01490640826523304,0.014906407333910465,290582.6875,0.08599831908941269,3074,127.18875122070312,2_M_exp64,2_M.v1.l1.ds0.l_combo11.ds_combo0.idays60.odays7,100
1,1,0,12,0,30,1,0.011525122448801994,0.011525122448801994,38839.0859375,0.07376439869403839,3385,130.60164737701416,2_M_exp64,2_M.v1.l1.ds0.l_combo12.ds_combo0.idays30.odays1,100
1,1,0,12,0,30,7,0.015579741448163986,0.01557974237948656,289051.125,0.08782977610826492,3379,133.64219522476196,2_M_exp64,2_M.v1.l1.ds0.l_combo12.ds_combo0.idays30.odays7,100
1,1,0,12,0,60,1,0.012014912441372871,0.012014912441372871,83990.609375,0.0745890811085701,3355,131.23581171035767,2_M_exp64,2_M.v1.l1.ds0.l_combo12.ds_combo0.idays60.odays1,100
1,1,0,12,0,60,7,0.013513964600861073,0.013513964600861073,419681.96875,0.08051860332489014,3349,137.63954257965088,2_M_exp64,2_M.v1.l1.ds0.l_combo12.ds_combo0.idays60.odays7,100
1,1,0,13,0,30,1,0.013400633819401264,0.013400633819401264,64493.12890625,0.07911521941423416,3377,85.31153750419617,2_M_exp64,2_M.v1.l1.ds0.l_combo13.ds_combo0.idays30.odays1,66
1,1,0,13,0,30,7,0.015656542032957077,0.015656542032957077,327280.84375,0.08712424337863922,3371,133.09494352340698,2_M_exp64,2_M.v1.l1.ds0.l_combo13.ds_combo0.idays30.odays7,100
1,1,0,13,0,60,1,0.011926775798201561,0.011926775798201561,557806.6875,0.07530710846185684,3347,131.6342499256134,2_M_exp64,2_M.v1.l1.ds0.l_combo13.ds_combo0.idays60.odays1,100
1,1,0,13,0,60,7,0.016636403277516365,0.016636401414871216,205952.921875,0.09182047098875046,3341,136.04172348976135,2_M_exp64,2_M.v1.l1.ds0.l_combo13.ds_combo0.idays60.odays7,100
1,1,0,14,0,30,1,0.012314071878790855,0.012314071878790855,109504.4140625,0.07783667743206024,3385,104.30632734298706,2_M_exp64,2_M.v1.l1.ds0.l_combo14.ds_combo0.idays30.odays1,79
1,1,0,14,0,30,7,0.014962801709771156,0.014962799847126007,186703.90625,0.0870060846209526,3379,133.29562997817993,2_M_exp64,2_M.v1.l1.ds0.l_combo14.ds_combo0.idays30.odays7,100
1,1,0,14,0,60,1,0.011894594877958298,0.011894594877958298,288809.28125,0.07894662767648697,3355,126.30774879455566,2_M_exp64,2_M.v1.l1.ds0.l_combo14.ds_combo0.idays60.odays1,96
1,1,0,14,0,60,7,0.015113485977053642,0.015113485977053642,118611.609375,0.08787155151367188,3349,136.0379090309143,2_M_exp64,2_M.v1.l1.ds0.l_combo14.ds_combo0.idays60.odays7,100
